10/30/2018 14:35:36 ,10,1,1.41000,1,1.93000,2.39000,51.059524,3.709709,1,1120,1,11.200000,1,0.00,1,0.13,1,-96,6.25,2977.96,7,1
10/30/2018 14:35:36 ,10,1,1.41000,1,1.93000,2.39000,51.059524,3.709709,1,1120,1,11.200000,1,0.00,1,0.13,1,-96,6.25,2977.96,7,0
10/30/2018 14:35:37 ,10,1,1.41000,1,1.93000,2.39000,51.059520,3.709684,1,10324,1,11.300001,1,0.00,1,0.94,1,-89,5.75,2961.18,7,1
10/30/2018 14:35:37 ,10,1,1.41000,1,1.93000,2.39000,51.059520,3.709684,1,10324,1,11.300001,1,0.00,1,0.94,1,-89,5.75,2961.18,7,0
10/30/2018 14:35:39 ,4,1,2.25000,1,2.70000,3.52000,51.059520,3.709698,1,2040,1,11.300001,1,0.00,1,1.13,1,-96,6.00,2944.40,7,1
10/30/2018 14:35:39 ,4,1,2.25000,1,2.70000,3.52000,51.059520,3.709698,1,2040,1,11.300001,1,0.00,1,1.13,1,-96,6.00,2944.40,7,0
10/30/2018 14:35:40 ,10,1,2.25000,1,2.70000,3.52000,51.059513,3.709687,1,11302,1,11.300001,1,0.00,1,1.78,1,-82,2.75,2927.62,7,1
10/30/2018 14:35:40 ,10,1,2.25000,1,2.70000,3.52000,51.059513,3.709687,1,11302,1,11.300001,1,0.00,1,1.78,1,-82,2.75,2927.62,7,0
10/30/2018 14:35:42 ,10,1,2.78000,1,1.00000,2.95000,51.059490,3.709686,1,1112,1,11.300001,1,0.00,1,1.56,1,-82,2.75,2927.62,7,0
10/30/2018 14:35:42 ,10,1,2.78000,1,1.00000,2.95000,51.059490,3.709686,1,2443,1,11.300001,1,0.00,1,1.56,1,-87,6.25,2944.40,7,1
10/30/2018 14:35:43 ,4,1,2.78000,1,1.00000,2.95000,51.059486,3.709678,1,3032,1,11.300001,1,0.00,1,0.52,1,-87,6.25,2944.40,7,0
10/30/2018 14:35:44 ,4,1,2.78000,1,1.00000,2.95000,51.059452,3.709669,1,134,1,11.300001,1,0.00,1,3.59,1,-93,5.75,2944.40,7,1
10/30/2018 14:35:45 ,10,1,2.03000,1,2.23000,3.01000,51.059436,3.709658,1,301,1,11.400000,1,202.92,1,4.82,1,-93,5.75,2944.40,7,0
10/30/2018 14:35:45 ,10,1,2.03000,1,2.23000,3.01000,51.059436,3.709658,1,3340,1,11.400000,1,202.92,1,4.82,1,-97,6.25,2927.62,7,1
10/30/2018 14:35:46 ,10,1,1.41000,1,1.93000,2.39000,51.059425,3.709648,1,3431,1,11.400000,1,205.77,1,4.46,1,-97,6.25,2927.62,7,0
10/30/2018 14:35:47 ,10,1,2.03000,1,1.93000,2.39000,51.059410,3.709647,1,102,1,11.400000,1,207.02,1,4.78,1,-89,5.75,2944.40,7,1
10/30/2018 14:35:48 ,10,1,1.41000,1,1.92000,2.39000,51.059394,3.709639,1,1321,1,11.400000,1,211.86,1,4.61,1,-89,5.75,2944.40,7,0
10/30/2018 14:35:48 ,10,1,1.41000,1,1.92000,2.39000,51.059394,3.709639,1,4302,1,11.400000,1,211.86,1,4.61,1,-84,6.00,2927.62,7,1
10/30/2018 14:35:49 ,10,1,1.41000,1,1.92000,2.39000,51.059375,3.709625,1,4342,1,11.400000,1,218.57,1,5.39,1,-84,6.00,2927.62,7,0
10/30/2018 14:35:50 ,4,1,2.03000,1,2.23000,3.01000,51.059368,3.709615,1,1022,1,11.400000,1,222.23,1,5.33,1,-90,-4.00,2860.52,7,1
10/30/2018 14:35:51 ,4,1,2.03000,1,2.23000,3.01000,51.059360,3.709604,1,2242,1,11.400000,1,226.33,1,5.52,1,-90,-4.00,2860.52,7,0
10/30/2018 14:35:51 ,4,1,2.03000,1,2.23000,3.01000,51.059360,3.709604,1,10222,1,11.400000,1,226.33,1,5.52,1,-90,5.50,2927.62,7,1
10/30/2018 14:35:52 ,10,1,2.03000,1,2.23000,3.01000,51.059349,3.709592,1,10314,1,11.400000,1,226.21,1,5.32,1,-90,5.50,2927.62,7,0
10/30/2018 14:35:53 ,4,1,2.03000,1,2.23000,3.01000,51.059341,3.709577,1,1434,1,11.400000,1,227.33,1,5.19,1,-87,6.25,2927.62,7,1
10/30/2018 14:35:54 ,4,1,2.03000,1,2.23000,3.01000,51.059333,3.709563,1,2334,1,11.400000,1,228.73,1,5.04,1,-87,6.25,2927.62,7,0
10/30/2018 14:35:54 ,4,1,2.03000,1,2.23000,3.01000,51.059333,3.709563,1,11134,1,11.400000,1,228.73,1,5.04,1,-86,6.00,2927.62,7,1
10/30/2018 14:35:56 ,4,1,2.03000,1,2.23000,3.01000,51.059329,3.709550,1,300,1,11.400000,1,228.73,1,3.17,1,-86,6.00,2927.62,7,0
10/30/2018 14:35:56 ,10,1,2.03000,1,2.23000,3.01000,51.059329,3.709550,1,1303,1,11.400000,1,228.73,1,3.17,1,-87,6.25,2927.62,7,1
10/30/2018 14:35:57 ,4,1,2.03000,1,2.23000,3.01000,51.059318,3.709546,1,3010,1,11.400000,1,228.73,1,2.98,1,-87,6.25,2927.62,7,0
10/30/2018 14:35:58 ,4,1,2.03000,1,2.23000,3.01000,51.059326,3.709552,1,111,1,11.400000,1,228.73,1,0.94,1,-93,6.00,2944.40,7,1
10/30/2018 14:35:59 ,10,1,2.03000,1,2.23000,3.01000,51.059318,3.709538,1,1122,1,11.400000,1,228.73,1,2.11,1,-93,6.00,2944.40,7,0
10/30/2018 14:35:59 ,10,1,2.03000,1,2.23000,3.01000,51.059318,3.709538,1,3341,1,11.400000,1,228.73,1,2.11,1,-74,-1.00,2894.07,7,1
10/30/2018 14:36:00 ,10,1,2.03000,1,2.23000,3.01000,51.059303,3.709558,1,3422,1,11.500000,1,228.73,1,3.32,1,-74,-1.00,2894.07,7,0
10/30/2018 14:36:01 ,10,1,2.03000,1,2.23000,3.01000,51.059310,3.709546,1,103,1,11.400000,1,228.73,1,0.96,1,-82,6.50,2927.62,7,1
10/30/2018 14:36:02 ,10,1,2.03000,1,2.23000,3.01000,51.059322,3.709540,1,2041,1,11.400000,1,228.73,1,1.67,1,-82,6.50,2927.62,7,0
10/30/2018 14:36:02 ,10,1,2.03000,1,2.23000,3.01000,51.059322,3.709540,1,4311,1,11.400000,1,228.73,1,1.67,1,-80,5.75,2944.40,7,1
10/30/2018 14:36:03 ,10,1,2.03000,1,2.23000,3.01000,51.059307,3.709527,1,4334,1,11.400000,1,228.73,1,1.44,1,-80,5.75,2944.40,7,0
10/30/2018 14:36:04 ,10,1,1.41000,1,1.92000,2.38000,51.059310,3.709548,1,1013,1,11.400000,1,228.73,1,3.57,1,-92,5.75,2927.62,7,1
10/30/2018 14:36:05 ,10,1,2.03000,1,2.23000,3.01000,51.059326,3.709543,1,2402,1,11.300001,1,228.73,1,3.70,1,-92,5.75,2927.62,7,0
10/30/2018 14:36:05 ,10,1,2.03000,1,2.23000,3.01000,51.059326,3.709543,1,10223,1,11.300001,1,228.73,1,3.70,1,-86,5.75,2944.40,7,1
10/30/2018 14:36:06 ,10,1,1.41000,1,1.92000,2.38000,51.059314,3.709498,1,10301,1,11.300001,1,228.73,1,2.98,1,-86,5.75,2944.40,7,0
10/30/2018 14:36:07 ,10,1,1.41000,1,1.92000,2.38000,51.059295,3.709473,1,1433,1,11.400000,1,228.73,1,2.70,1,-83,6.00,2927.62,7,1
10/30/2018 14:36:08 ,10,1,2.25000,1,2.69000,3.50000,51.059299,3.709482,1,2304,1,11.600001,1,228.73,1,0.69,1,-83,6.00,2927.62,7,0
10/30/2018 14:36:08 ,10,1,2.25000,1,2.69000,3.50000,51.059299,3.709482,1,11142,1,11.600001,1,228.73,1,0.69,1,-70,2.25,2894.07,7,1
10/30/2018 14:36:10 ,4,1,2.31000,1,1.00000,2.52000,51.059257,3.709422,1,4,1,11.500000,1,228.22,1,5.72,1,-70,2.25,2894.07,7,0
10/30/2018 14:36:10 ,4,1,2.31000,1,1.00000,2.52000,51.059257,3.709422,1,3313,1,11.500000,1,228.22,1,5.72,1,-82,6.50,2961.18,7,1
10/30/2018 14:36:11 ,10,1,2.03000,1,2.23000,3.01000,51.059265,3.709386,1,2434,1,11.500000,1,228.22,1,5.41,1,-82,6.50,2961.18,7,0
10/30/2018 14:36:12 ,10,1,2.03000,1,2.23000,3.01000,51.059253,3.709373,1,24,1,11.500000,1,228.22,1,3.06,1,-99,5.75,2944.40,7,1
10/30/2018 14:36:13 ,10,1,1.41000,1,1.92000,2.38000,51.059230,3.709323,1,310,1,11.500000,1,236.68,1,6.69,1,-99,5.75,2944.40,7,0
10/30/2018 14:36:13 ,10,1,1.41000,1,1.92000,2.38000,51.059230,3.709323,1,3240,1,11.500000,1,236.68,1,6.69,1,-97,6.00,2944.40,7,1
10/30/2018 14:36:14 ,10,1,2.03000,1,2.23000,3.01000,51.059219,3.709316,1,3330,1,11.500000,1,233.16,1,5.07,1,-97,6.00,2944.40,7,0
10/30/2018 14:36:15 ,10,1,1.41000,1,2.23000,3.01000,51.059219,3.709306,1,22,1,11.500000,1,233.16,1,3.41,1,-99,5.75,2927.62,7,1
10/30/2018 14:36:16 ,4,1,2.24000,1,2.69000,3.50000,51.059219,3.709296,1,1301,1,11.500000,1,233.16,1,1.31,1,-99,5.75,2927.62,7,0
10/30/2018 14:36:16 ,4,1,2.24000,1,2.69000,3.50000,51.059219,3.709296,1,4231,1,11.500000,1,233.16,1,1.31,1,-95,6.25,2944.40,7,1
10/30/2018 14:36:17 ,10,1,2.24000,1,2.69000,3.50000,51.059207,3.709289,1,4313,1,11.500000,1,233.16,1,0.19,1,-95,6.25,2944.40,7,0
10/30/2018 14:36:18 ,4,1,2.24000,1,2.69000,3.50000,51.059200,3.709268,1,442,1,11.600001,1,233.16,1,1.35,1,-95,3.00,2944.40,7,1
10/30/2018 14:36:19 ,4,1,2.31000,1,1.00000,2.52000,51.059200,3.709254,1,2221,1,11.600001,1,233.16,1,1.67,1,-95,3.00,2944.40,7,0
10/30/2018 14:36:19 ,4,1,2.31000,1,1.00000,2.52000,51.059200,3.709254,1,10200,1,11.600001,1,233.16,1,1.67,1,-97,5.50,2961.18,7,1
10/30/2018 14:36:20 ,10,1,2.24000,1,2.69000,3.50000,51.059181,3.709239,1,10231,1,11.600001,1,233.16,1,1.87,1,-97,5.50,2961.18,7,0
10/30/2018 14:36:21 ,4,1,2.24000,1,2.69000,3.50000,51.059162,3.709223,1,1410,1,11.600001,1,233.16,1,3.26,1,-99,5.75,2961.18,7,1
10/30/2018 14:36:22 ,10,1,2.24000,1,2.68000,3.50000,51.059150,3.709221,1,2224,1,11.600001,1,233.16,1,1.89,1,-99,5.75,2961.18,7,0
10/30/2018 14:36:22 ,10,1,2.24000,1,2.68000,3.50000,51.059150,3.709221,1,11044,1,11.600001,1,233.16,1,1.89,1,-93,5.75,2961.18,7,1
10/30/2018 14:36:23 ,4,1,2.24000,1,2.68000,3.50000,51.059135,3.709188,1,11201,1,11.600001,1,233.16,1,3.87,1,-93,5.75,2961.18,7,0
10/30/2018 14:36:24 ,10,1,2.24000,1,2.68000,3.50000,51.059116,3.709195,1,2320,1,11.600001,1,233.16,1,2.19,1,-95,4.75,2977.96,7,1
10/30/2018 14:36:25 ,10,1,1.40000,1,1.92000,2.38000,51.059097,3.709181,1,2411,1,11.600001,1,233.16,1,1.37,1,-95,4.75,2977.96,7,0
10/30/2018 14:36:25 ,10,1,1.40000,1,1.92000,2.38000,51.059097,3.709181,1,12030,1,11.600001,1,233.16,1,1.37,1,-98,6.00,2977.96,7,1
10/30/2018 14:36:27 ,10,1,1.40000,1,1.92000,2.38000,51.059066,3.709146,1,1014,1,11.700000,1,233.16,1,3.41,1,-98,6.00,2977.96,7,0
10/30/2018 14:36:27 ,10,1,1.40000,1,1.92000,2.38000,51.059066,3.709146,1,3232,1,11.700000,1,233.16,1,3.41,1,-95,6.00,2977.96,7,1
10/30/2018 14:36:28 ,10,1,1.40000,1,1.92000,2.38000,51.059082,3.709097,1,3312,1,11.800001,1,233.16,1,2.76,1,-95,6.00,2977.96,7,0
10/30/2018 14:36:29 ,10,1,1.40000,1,1.92000,2.38000,51.059055,3.709073,1,413,1,11.800001,1,233.16,1,1.76,1,-96,6.25,2994.73,7,1
10/30/2018 14:36:30 ,10,1,1.40000,1,1.92000,2.38000,51.059051,3.709045,1,1424,1,11.900000,1,233.16,1,0.96,1,-96,6.25,2994.73,7,0
10/30/2018 14:36:30 ,10,1,1.40000,1,1.92000,2.38000,51.059051,3.709045,1,4142,1,11.900000,1,233.16,1,0.96,1,-99,5.75,2977.96,7,1
10/30/2018 14:36:31 ,10,1,1.40000,1,1.92000,2.37000,51.059043,3.709002,1,4222,1,12.000000,1,233.16,1,1.57,1,-99,5.75,2977.96,7,0
10/30/2018 14:36:32 ,10,1,1.40000,1,1.92000,2.37000,51.059032,3.708979,1,410,1,12.000000,1,233.16,1,0.30,1,-98,5.75,2961.18,7,1
10/30/2018 14:36:33 ,10,1,1.40000,1,1.92000,2.37000,51.059024,3.708965,1,2230,1,12.000000,1,233.16,1,1.67,1,-98,5.75,2961.18,7,0
10/30/2018 14:36:33 ,10,1,1.40000,1,1.92000,2.37000,51.059024,3.708965,1,10103,1,12.000000,1,233.16,1,1.67,1,-106,6.25,2977.96,7,1
10/30/2018 14:36:34 ,10,1,1.40000,1,1.92000,2.37000,51.059024,3.708976,1,10134,1,12.000000,1,233.16,1,2.94,1,-106,6.25,2977.96,7,0
10/30/2018 14:36:35 ,10,1,1.40000,1,1.92000,2.37000,51.059017,3.708959,1,1322,1,12.000000,1,233.16,1,0.43,1,-102,6.00,2944.40,7,1
10/30/2018 14:36:36 ,10,1,1.40000,1,1.92000,2.37000,51.059036,3.708928,1,2303,1,12.000000,1,233.16,1,3.63,1,-102,6.00,2944.40,7,0
10/30/2018 14:36:36 ,10,1,1.40000,1,1.92000,2.37000,51.059036,3.708928,1,11030,1,12.000000,1,233.16,1,3.63,1,-106,5.25,2977.96,7,1
10/30/2018 14:36:37 ,10,1,1.40000,1,1.91000,2.37000,51.059040,3.708914,1,11110,1,12.000000,1,233.16,1,1.02,1,-106,5.25,2977.96,7,0
10/30/2018 14:36:38 ,10,1,1.40000,1,1.91000,2.37000,51.059040,3.708896,1,2232,1,12.100001,1,233.16,1,0.83,1,-104,6.00,2977.96,7,1
10/30/2018 14:36:39 ,10,1,1.40000,1,1.91000,2.37000,51.059036,3.708892,1,2321,1,12.100001,1,233.16,1,1.72,1,-104,6.00,2977.96,7,0
10/30/2018 14:36:39 ,10,1,1.40000,1,1.91000,2.37000,51.059036,3.708892,1,11444,1,12.100001,1,233.16,1,1.72,1,-100,5.75,2944.40,7,1
10/30/2018 14:36:41 ,10,1,1.40000,1,1.91000,2.37000,51.059040,3.708883,1,114,1,11.900000,1,233.16,1,0.57,1,-100,5.75,2944.40,7,0
10/30/2018 14:36:41 ,10,1,1.40000,1,1.91000,2.37000,51.059040,3.708883,1,3200,1,11.900000,1,233.16,1,0.57,1,-104,5.75,2944.40,7,1
10/30/2018 14:36:42 ,10,1,1.40000,1,1.91000,2.37000,51.059040,3.708882,1,3233,1,11.800001,1,233.16,1,0.94,1,-104,5.75,2944.40,7,0
10/30/2018 14:36:43 ,10,1,1.40000,1,1.91000,2.37000,51.059051,3.708881,1,334,1,11.800001,1,233.16,1,1.26,1,-106,5.50,2944.40,7,1
10/30/2018 14:36:44 ,10,1,1.40000,1,1.91000,2.37000,51.059062,3.708879,1,1021,1,11.500000,1,233.16,1,1.72,1,-106,5.50,2944.40,7,0
10/30/2018 14:36:44 ,10,1,1.40000,1,1.91000,2.37000,51.059062,3.708879,1,4104,1,11.500000,1,233.16,1,1.72,1,-92,6.25,2944.40,7,1
10/30/2018 14:36:45 ,10,1,1.40000,1,1.91000,2.37000,51.059074,3.708890,1,4204,1,11.400000,1,233.16,1,3.07,1,-92,6.25,2944.40,7,0
10/30/2018 14:36:46 ,10,1,1.40000,1,1.91000,2.37000,51.059082,3.708896,1,323,1,11.300001,1,233.16,1,3.22,1,-91,6.00,2944.40,7,1
10/30/2018 14:36:47 ,10,1,1.40000,1,1.91000,2.37000,51.059097,3.708902,1,1414,1,11.300001,1,318.13,1,4.06,1,-91,6.00,2944.40,7,0
10/30/2018 14:36:47 ,10,1,1.40000,1,1.91000,2.37000,51.059097,3.708902,1,10003,1,11.300001,1,318.13,1,4.06,1,-94,5.00,2927.62,7,1
10/30/2018 14:36:48 ,10,1,1.40000,1,1.91000,2.37000,51.059116,3.708906,1,10042,1,11.100001,1,357.83,1,5.07,1,-94,5.00,2927.62,7,0
10/30/2018 14:36:49 ,10,1,1.40000,1,1.91000,2.37000,51.059120,3.708894,1,1234,1,10.900000,1,357.83,1,3.13,1,-92,6.00,2944.40,7,1
10/30/2018 14:36:50 ,10,1,1.40000,1,1.91000,2.37000,51.059131,3.708891,1,2213,1,10.800001,1,354.76,1,3.83,1,-92,6.00,2944.40,7,0
10/30/2018 14:36:50 ,10,1,1.40000,1,1.91000,2.37000,51.059131,3.708891,1,10420,1,10.800001,1,354.76,1,3.83,1,-87,6.25,2944.40,7,1
10/30/2018 14:36:51 ,10,1,1.40000,1,1.91000,2.37000,51.059146,3.708889,1,11011,1,10.700000,1,355.16,1,4.28,1,-87,6.25,2944.40,7,0
10/30/2018 14:36:52 ,10,1,1.40000,1,1.91000,2.37000,51.059158,3.708893,1,2143,1,10.500000,1,4.44,1,4.69,1,-96,6.25,2944.40,7,1
10/30/2018 14:36:53 ,10,1,1.40000,1,1.91000,2.37000,51.059169,3.708900,1,2243,1,10.300001,1,11.69,1,4.96,1,-96,6.25,2944.40,7,0
10/30/2018 14:36:53 ,10,1,1.40000,1,1.91000,2.37000,51.059169,3.708900,1,11343,1,10.300001,1,11.69,1,4.96,1,-84,5.75,2927.62,7,1
10/30/2018 14:36:55 ,10,1,1.40000,1,1.91000,2.37000,51.059196,3.708920,1,332,1,10.100001,1,21.95,1,4.85,1,-84,5.75,2927.62,7,0
10/30/2018 14:36:55 ,10,1,1.40000,1,1.91000,2.37000,51.059196,3.708920,1,3100,1,10.100001,1,21.95,1,4.85,1,-82,6.25,2944.40,7,1
10/30/2018 14:36:56 ,10,1,1.40000,1,1.91000,2.37000,51.059204,3.708924,1,3114,1,10.200000,1,24.79,1,3.63,1,-82,6.25,2944.40,7,0
10/30/2018 14:36:57 ,10,1,1.40000,1,1.91000,2.37000,51.059223,3.708926,1,310,1,10.200000,1,13.81,1,6.39,1,-83,6.00,2944.40,7,1
10/30/2018 14:36:58 ,10,1,1.40000,1,1.91000,2.37000,51.059230,3.708932,1,1311,1,9.500000,1,15.53,1,4.67,1,-83,6.00,2944.40,7,0
10/30/2018 14:36:58 ,10,1,1.40000,1,1.91000,2.37000,51.059230,3.708932,1,4022,1,9.500000,1,15.53,1,4.67,1,-90,5.50,2944.40,7,1
10/30/2018 14:36:59 ,10,1,1.40000,1,1.91000,2.37000,51.059242,3.708934,1,4034,1,9.300001,1,13.93,1,4.02,1,-90,5.50,2944.40,7,0
10/30/2018 14:37:00 ,10,1,1.40000,1,1.91000,2.37000,51.059253,3.708942,1,224,1,9.300001,1,15.63,1,3.83,1,-82,6.25,2944.40,7,1
10/30/2018 14:37:01 ,10,1,1.40000,1,1.91000,2.37000,51.059261,3.708941,1,2222,1,9.200000,1,9.22,1,3.46,1,-82,6.25,2944.40,7,0
10/30/2018 14:37:01 ,10,1,1.40000,1,1.91000,2.37000,51.059261,3.708941,1,4442,1,9.200000,1,9.22,1,3.46,1,-92,6.25,2961.18,7,1
10/30/2018 14:37:02 ,10,1,1.40000,1,1.91000,2.37000,51.059268,3.708962,1,10011,1,9.200000,1,30.48,1,5.30,1,-92,6.25,2961.18,7,0
10/30/2018 14:37:03 ,10,1,1.40000,1,1.91000,2.37000,51.059288,3.708955,1,1144,1,9.200000,1,12.05,1,5.80,1,-87,6.25,2944.40,7,1
10/30/2018 14:37:04 ,10,1,1.40000,1,1.91000,2.37000,51.059299,3.708960,1,2243,1,9.100001,1,9.56,1,4.74,1,-87,6.25,2944.40,7,0
10/30/2018 14:37:04 ,10,1,1.40000,1,1.91000,2.37000,51.059299,3.708960,1,10400,1,9.100001,1,9.56,1,4.74,1,-78,6.25,2944.40,7,1
10/30/2018 14:37:05 ,10,1,1.40000,1,1.91000,2.37000,51.059295,3.708969,1,10434,1,9.200000,1,9.56,1,1.65,1,-78,6.25,2944.40,7,0
10/30/2018 14:37:06 ,10,1,1.40000,1,1.91000,2.37000,51.059299,3.708985,1,2131,1,9.500000,1,9.56,1,1.98,1,-79,5.75,2961.18,7,1
10/30/2018 14:37:07 ,10,1,1.40000,1,1.91000,2.37000,51.059295,3.708996,1,2244,1,9.500000,1,9.56,1,2.02,1,-79,5.75,2961.18,7,0
10/30/2018 14:37:07 ,10,1,1.40000,1,1.91000,2.37000,51.059295,3.708996,1,11340,1,9.500000,1,9.56,1,2.02,1,-80,5.75,2944.40,7,1
10/30/2018 14:37:09 ,10,1,1.40000,1,1.91000,2.37000,51.059295,3.709021,1,110,1,10.100001,1,9.56,1,2.76,1,-80,5.75,2944.40,7,0
10/30/2018 14:37:09 ,10,1,1.40000,1,1.91000,2.37000,51.059295,3.709021,1,3040,1,10.100001,1,9.56,1,2.76,1,-87,6.25,2961.18,7,1
10/30/2018 14:37:10 ,10,1,1.40000,1,1.91000,2.37000,51.059314,3.709036,1,3041,1,10.200000,1,28.95,1,3.59,1,-87,6.25,2961.18,7,0
10/30/2018 14:37:11 ,10,1,1.40000,1,1.91000,2.37000,51.059322,3.709045,1,230,1,10.200000,1,28.95,1,3.07,1,-72,6.00,2961.18,7,1
10/30/2018 14:37:12 ,10,1,1.40000,1,1.91000,2.36000,51.059333,3.709052,1,1022,1,10.500000,1,28.95,1,3.07,1,-72,6.00,2961.18,7,0
10/30/2018 14:37:12 ,10,1,1.40000,1,1.91000,2.36000,51.059333,3.709052,1,4003,1,10.500000,1,28.95,1,3.07,1,-82,6.25,2961.18,7,1
10/30/2018 14:37:13 ,4,1,2.23000,1,2.67000,3.48000,51.059356,3.709068,1,4020,1,10.200000,1,28.01,1,4.00,1,-82,6.25,2961.18,7,0
10/30/2018 14:37:14 ,10,1,2.23000,1,2.67000,3.48000,51.059364,3.709071,1,230,1,10.200000,1,28.01,1,2.91,1,-76,4.75,2961.18,7,1
10/30/2018 14:37:15 ,10,1,2.23000,1,2.67000,3.48000,51.059368,3.709067,1,2001,1,10.900000,1,28.01,1,2.46,1,-76,4.75,2961.18,7,0
10/30/2018 14:37:15 ,10,1,2.23000,1,2.67000,3.48000,51.059368,3.709067,1,4424,1,10.900000,1,28.01,1,2.46,1,-74,6.00,2944.40,7,1
10/30/2018 14:37:16 ,10,1,1.40000,1,1.91000,2.36000,51.059379,3.709058,1,4444,1,11.300001,1,28.01,1,2.87,1,-74,6.00,2944.40,7,0
10/30/2018 14:37:17 ,10,1,1.40000,1,1.91000,2.36000,51.059394,3.709054,1,1132,1,11.600001,1,28.01,1,3.35,1,-72,6.25,2961.18,7,1
10/30/2018 14:37:18 ,10,1,1.40000,1,1.91000,2.36000,51.059413,3.709048,1,2220,1,11.800001,1,1.69,1,3.87,1,-72,6.25,2961.18,7,0
10/30/2018 14:37:18 ,10,1,1.40000,1,1.91000,2.36000,51.059413,3.709048,1,10320,1,11.800001,1,1.69,1,3.87,1,-82,6.50,2944.40,7,1
10/30/2018 14:37:19 ,10,1,1.40000,1,1.91000,2.36000,51.059429,3.709043,1,10333,1,11.800001,1,348.90,1,3.67,1,-82,6.50,2944.40,7,0
10/30/2018 14:37:20 ,10,1,1.40000,1,1.91000,2.36000,51.059440,3.709048,1,2102,1,11.900000,1,348.90,1,1.81,1,-74,6.00,2961.18,7,1
10/30/2018 14:37:21 ,10,1,2.22000,1,2.67000,3.47000,51.059455,3.709042,1,2301,1,11.200000,1,348.90,1,2.00,1,-74,6.00,2961.18,7,0
10/30/2018 14:37:21 ,10,1,2.22000,1,2.67000,3.47000,51.059455,3.709042,1,11310,1,11.200000,1,348.90,1,2.00,1,-72,6.50,2944.40,7,1
10/30/2018 14:37:23 ,10,1,2.22000,1,1.91000,2.36000,51.059471,3.709005,1,341,1,11.200000,1,321.53,1,3.63,1,-72,6.50,2944.40,7,0
10/30/2018 14:37:23 ,10,1,1.40000,1,1.91000,2.36000,51.059471,3.709005,1,433,1,10.700000,1,321.53,1,3.63,1,-79,6.00,2944.40,7,1
10/30/2018 14:37:24 ,10,1,1.40000,1,1.91000,2.36000,51.059478,3.709002,1,3041,1,10.800001,1,321.53,1,2.50,1,-79,6.00,2944.40,7,0
10/30/2018 14:37:25 ,10,1,1.40000,1,1.91000,2.36000,51.059490,3.708988,1,204,1,10.800001,1,321.53,1,2.48,1,-76,5.75,2944.40,7,1
10/30/2018 14:37:26 ,10,1,2.02000,1,2.24000,3.01000,51.059509,3.708958,1,321,1,10.700000,1,316.48,1,4.82,1,-76,5.75,2944.40,7,0
10/30/2018 14:37:26 ,10,1,2.02000,1,2.24000,3.01000,51.059509,3.708958,1,3403,1,10.700000,1,316.48,1,4.82,1,-76,5.50,2944.40,7,1
10/30/2018 14:37:27 ,10,1,2.02000,1,2.24000,3.01000,51.059520,3.708952,1,4014,1,11.000000,1,316.48,1,3.65,1,-76,5.50,2944.40,7,0
10/30/2018 14:37:28 ,10,1,2.02000,1,2.24000,3.01000,51.059535,3.708977,1,123,1,11.200000,1,0.47,1,4.65,1,-79,6.00,2944.40,7,1
10/30/2018 14:37:29 ,10,1,2.02000,1,2.24000,3.01000,51.059547,3.708961,1,1310,1,11.300001,1,0.47,1,3.44,1,-79,6.00,2944.40,7,0
10/30/2018 14:37:29 ,10,1,2.02000,1,2.24000,3.01000,51.059547,3.708961,1,4344,1,11.300001,1,0.47,1,3.44,1,-72,4.75,2927.62,7,1
10/30/2018 14:37:30 ,10,1,1.40000,1,1.90000,2.36000,51.059520,3.708941,1,4430,1,11.300001,1,0.47,1,1.61,1,-72,4.75,2927.62,7,0
10/30/2018 14:37:31 ,10,1,1.40000,1,1.90000,2.36000,51.059528,3.708915,1,1103,1,11.600001,1,0.47,1,2.43,1,-68,-7.75,2843.74,7,1
10/30/2018 14:37:32 ,10,1,1.39000,1,1.90000,2.36000,51.059547,3.708912,1,2222,1,11.700000,1,0.47,1,3.09,1,-68,-7.75,2843.74,7,0
10/30/2018 14:37:32 ,10,1,1.39000,1,1.90000,2.36000,51.059547,3.708912,1,10311,1,11.700000,1,0.47,1,3.09,1,-73,5.75,2944.40,7,1
10/30/2018 14:37:33 ,10,1,2.02000,1,2.24000,3.01000,51.059535,3.708901,1,10400,1,11.800001,1,0.47,1,0.74,1,-73,5.75,2944.40,7,0
10/30/2018 14:37:34 ,10,1,1.39000,1,1.90000,2.36000,51.059528,3.708872,1,2020,1,11.500000,1,0.47,1,2.46,1,-69,5.75,2944.40,7,1
10/30/2018 14:37:35 ,10,1,1.39000,1,1.90000,2.36000,51.059516,3.708865,1,2300,1,11.700000,1,0.47,1,1.59,1,-69,5.75,2944.40,7,0
10/30/2018 14:37:35 ,10,1,1.39000,1,1.90000,2.36000,51.059516,3.708865,1,11230,1,11.700000,1,0.47,1,1.59,1,-67,6.00,2944.40,7,1
10/30/2018 14:37:37 ,10,1,1.39000,1,1.90000,2.36000,51.059490,3.708834,1,34,1,11.200000,1,0.47,1,2.37,1,-67,6.00,2944.40,7,0
10/30/2018 14:37:37 ,10,1,1.39000,1,1.90000,2.36000,51.059490,3.708834,1,2434,1,11.200000,1,0.47,1,2.37,1,-72,5.75,2944.40,7,1
10/30/2018 14:37:38 ,10,1,1.39000,1,1.90000,2.36000,51.059490,3.708810,1,3004,1,10.800001,1,0.47,1,2.46,1,-72,5.75,2944.40,7,0
10/30/2018 14:37:39 ,10,1,1.39000,1,1.90000,2.36000,51.059494,3.708804,1,121,1,10.800001,1,0.47,1,1.31,1,-58,5.50,2944.40,7,1
10/30/2018 14:37:40 ,10,1,1.39000,1,1.90000,2.36000,51.059505,3.708797,1,1122,1,11.000000,1,0.47,1,1.89,1,-58,5.50,2944.40,7,0
10/30/2018 14:37:40 ,10,1,1.39000,1,1.90000,2.36000,51.059505,3.708797,1,3343,1,11.000000,1,0.47,1,1.89,1,-9,-4.00,2944.40,7,1
10/30/2018 14:37:41 ,10,1,1.39000,1,1.90000,2.36000,51.059497,3.708789,1,3423,1,10.300001,1,0.47,1,0.56,1,-9,-4.00,2944.40,7,0
10/30/2018 14:37:42 ,10,1,1.39000,1,1.90000,2.36000,51.059509,3.708787,1,111,1,10.100001,1,0.47,1,2.85,1,-75,5.75,2944.40,7,1
10/30/2018 14:37:43 ,4,1,1.83000,1,2.07000,2.77000,51.059509,3.708782,1,2102,1,9.400000,1,0.47,1,1.24,1,-75,5.75,2944.40,7,0
10/30/2018 14:37:43 ,4,1,1.83000,1,2.07000,2.77000,51.059509,3.708782,1,4322,1,9.400000,1,0.47,1,1.24,1,-73,6.00,2961.18,7,1
10/30/2018 14:37:44 ,10,1,1.83000,1,2.07000,2.76000,51.059520,3.708788,1,4332,1,9.600001,1,0.47,1,2.33,1,-73,6.00,2961.18,7,0
10/30/2018 14:37:45 ,10,1,1.83000,1,2.07000,2.76000,51.059528,3.708785,1,1032,1,9.200000,1,0.47,1,2.28,1,-84,5.25,2944.40,7,1
10/30/2018 14:37:46 ,10,1,1.39000,1,1.90000,2.36000,51.059539,3.708796,1,2241,1,9.800001,1,0.47,1,2.67,1,-84,5.25,2944.40,7,0
10/30/2018 14:37:46 ,10,1,1.39000,1,1.90000,2.36000,51.059539,3.708796,1,10232,1,9.800001,1,0.47,1,2.67,1,-75,6.25,2944.40,7,1
10/30/2018 14:37:47 ,10,1,1.39000,1,1.90000,2.36000,51.059547,3.708804,1,10302,1,9.800001,1,0.47,1,3.20,1,-75,6.25,2944.40,7,0
10/30/2018 14:37:48 ,10,1,1.39000,1,1.90000,2.36000,51.059558,3.708803,1,1422,1,9.300001,1,18.31,1,3.67,1,-82,6.00,2944.40,7,1
10/30/2018 14:37:49 ,10,1,1.39000,1,1.90000,2.36000,51.059570,3.708798,1,2330,1,9.100001,1,18.31,1,3.22,1,-82,6.00,2944.40,7,0
10/30/2018 14:37:49 ,10,1,1.39000,1,1.90000,2.36000,51.059570,3.708798,1,11142,1,9.100001,1,18.31,1,3.22,1,-79,0.25,2944.40,7,1
10/30/2018 14:37:50 ,10,1,1.39000,1,1.90000,2.36000,51.059570,3.708815,1,11223,1,9.200000,1,18.31,1,3.65,1,-79,0.25,2944.40,7,0
10/30/2018 14:37:51 ,10,1,1.39000,1,1.90000,2.36000,51.059589,3.708807,1,2324,1,9.100001,1,17.47,1,4.28,1,-85,6.00,2927.62,7,1
10/30/2018 14:37:52 ,10,1,1.39000,1,1.90000,2.36000,51.059593,3.708799,1,2441,1,9.000000,1,17.47,1,2.50,1,-85,6.00,2927.62,7,0
10/30/2018 14:37:53 ,10,1,1.39000,1,1.90000,2.36000,51.059597,3.708782,1,42,1,9.000000,1,17.47,1,2.30,1,-94,5.75,2944.40,7,1
10/30/2018 14:37:54 ,10,1,1.39000,1,1.90000,2.35000,51.059612,3.708767,1,232,1,8.300001,1,17.47,1,3.11,1,-94,5.75,2944.40,7,0
10/30/2018 14:37:54 ,10,1,1.39000,1,1.90000,2.35000,51.059612,3.708767,1,3320,1,8.300001,1,17.47,1,3.11,1,-92,6.25,2944.40,7,1
10/30/2018 14:37:55 ,10,1,2.22000,1,2.66000,3.46000,51.059623,3.708759,1,3413,1,8.100001,1,17.47,1,3.48,1,-92,6.25,2944.40,7,0
10/30/2018 14:37:56 ,10,1,1.39000,1,2.66000,3.46000,51.059631,3.708762,1,32,1,8.100001,1,17.47,1,2.54,1,-85,6.00,2927.62,7,1
10/30/2018 14:37:57 ,10,1,1.39000,1,1.90000,2.35000,51.059665,3.708756,1,1131,1,8.600001,1,10.84,1,5.57,1,-85,6.00,2927.62,7,0
10/30/2018 14:37:57 ,10,1,1.39000,1,1.90000,2.35000,51.059665,3.708756,1,4214,1,8.600001,1,10.84,1,5.57,1,-104,6.00,2961.18,7,1
10/30/2018 14:37:58 ,10,1,1.39000,1,1.90000,2.35000,51.059677,3.708734,1,4242,1,8.500000,1,356.35,1,5.19,1,-104,6.00,2961.18,7,0
10/30/2018 14:37:59 ,10,1,1.39000,1,1.90000,2.35000,51.059688,3.708726,1,422,1,8.200000,1,349.61,1,4.28,1,-88,1.75,2927.62,7,1
10/30/2018 14:38:00 ,10,1,1.39000,1,1.90000,2.35000,51.059700,3.708711,1,2034,1,7.300000,1,342.93,1,4.54,1,-88,1.75,2927.62,7,0
10/30/2018 14:38:00 ,10,1,1.39000,1,1.90000,2.35000,51.059700,3.708711,1,10123,1,7.300000,1,342.93,1,4.54,1,-100,6.00,2944.40,7,1
10/30/2018 14:38:01 ,10,1,1.39000,1,1.90000,2.35000,51.059719,3.708694,1,10214,1,7.100000,1,339.15,1,5.46,1,-100,6.00,2944.40,7,0
10/30/2018 14:38:02 ,10,1,1.39000,1,1.90000,2.35000,51.059726,3.708682,1,1341,1,7.400000,1,333.57,1,3.80,1,-91,7.00,2944.40,7,1
10/30/2018 14:38:03 ,10,1,2.21000,1,2.66000,3.46000,51.059745,3.708668,1,2242,1,6.300000,1,332.30,1,5.24,1,-91,7.00,2944.40,7,0
10/30/2018 14:38:03 ,10,1,2.21000,1,2.66000,3.46000,51.059745,3.708668,1,11101,1,6.300000,1,332.30,1,5.24,1,-89,5.75,2944.40,7,1
10/30/2018 14:38:04 ,10,1,2.21000,1,2.66000,3.46000,51.059757,3.708656,1,11123,1,5.600000,1,334.15,1,5.30,1,-89,5.75,2944.40,7,0
10/30/2018 14:38:05 ,10,1,2.21000,1,2.66000,3.46000,51.059772,3.708645,1,2243,1,4.800000,1,334.48,1,4.93,1,-95,5.75,2944.40,7,1
10/30/2018 14:38:06 ,10,1,2.21000,1,2.66000,3.46000,51.059787,3.708635,1,2330,1,4.300000,1,336.49,1,5.13,1,-95,5.75,2944.40,7,0
10/30/2018 14:38:07 ,10,1,2.21000,1,2.66000,3.46000,51.059803,3.708628,1,2,1,4.300000,1,339.66,1,5.04,1,-92,6.00,2944.40,7,1
10/30/2018 14:38:08 ,10,1,2.21000,1,2.66000,3.46000,51.059818,3.708620,1,442,1,3.600000,1,341.29,1,5.44,1,-92,6.00,2944.40,7,0
10/30/2018 14:38:08 ,10,1,2.21000,1,2.66000,3.46000,51.059818,3.708620,1,3214,1,3.600000,1,341.29,1,5.44,1,-88,-8.75,2793.41,7,1
10/30/2018 14:38:09 ,10,1,2.21000,1,2.66000,3.46000,51.059833,3.708611,1,3243,1,3.300000,1,339.34,1,5.00,1,-88,-8.75,2793.41,7,0
10/30/2018 14:38:10 ,10,1,2.21000,1,2.66000,3.46000,51.059848,3.708601,1,414,1,3.300000,1,338.14,1,5.48,1,-95,6.00,2944.40,7,1
10/30/2018 14:38:11 ,10,1,1.39000,1,1.90000,2.35000,51.059871,3.708595,1,1413,1,2.800000,1,345.09,1,6.91,1,-95,6.00,2944.40,7,0
10/30/2018 14:38:11 ,10,1,1.39000,1,1.90000,2.35000,51.059871,3.708595,1,4132,1,2.800000,1,345.09,1,6.91,1,-88,5.25,2944.40,7,1
10/30/2018 14:38:12 ,10,1,1.39000,1,1.90000,2.35000,51.059886,3.708588,1,4200,1,2.600000,1,344.02,1,5.59,1,-88,5.25,2944.40,7,0
10/30/2018 14:38:13 ,10,1,1.39000,1,1.90000,2.35000,51.059902,3.708564,1,343,1,2.400000,1,330.86,1,6.28,1,-94,6.00,2944.40,7,1
10/30/2018 14:38:14 ,10,1,1.39000,1,1.90000,2.35000,51.059913,3.708550,1,2332,1,2.500000,1,327.24,1,5.30,1,-94,6.00,2944.40,7,0
10/30/2018 14:38:14 ,10,1,1.39000,1,1.90000,2.35000,51.059913,3.708550,1,10101,1,2.500000,1,327.24,1,5.30,1,-100,5.75,2961.18,7,1
10/30/2018 14:38:15 ,10,1,1.39000,1,1.90000,2.35000,51.059932,3.708537,1,10121,1,3.200000,1,329.89,1,5.33,1,-100,5.75,2961.18,7,0
10/30/2018 14:38:16 ,10,1,1.39000,1,1.89000,2.35000,51.059944,3.708527,1,1304,1,3.600000,1,329.30,1,3.63,1,-84,5.50,2961.18,7,1
10/30/2018 14:38:17 ,4,1,2.21000,1,2.65000,3.45000,51.059951,3.708513,1,2404,1,3.000000,1,321.67,1,3.82,1,-84,5.50,2961.18,7,0
10/30/2018 14:38:17 ,4,1,2.21000,1,2.65000,3.45000,51.059951,3.708513,1,11020,1,3.000000,1,321.67,1,3.82,1,-91,5.00,2944.40,7,1
10/30/2018 14:38:18 ,10,1,1.39000,1,1.89000,2.35000,51.059955,3.708503,1,11112,1,2.800000,1,321.67,1,2.70,1,-91,5.00,2944.40,7,0
10/30/2018 14:38:19 ,10,1,1.39000,1,1.89000,2.35000,51.059963,3.708492,1,2302,1,2.800000,1,321.67,1,2.85,1,-95,5.75,2944.40,7,1
10/30/2018 14:38:20 ,10,1,1.39000,1,1.89000,2.35000,51.059967,3.708473,1,2444,1,2.600000,1,321.67,1,3.35,1,-95,5.75,2944.40,7,0
10/30/2018 14:38:20 ,10,1,1.39000,1,1.89000,2.35000,51.059967,3.708473,1,12010,1,2.600000,1,321.67,1,3.35,1,-80,6.00,2977.96,7,1
10/30/2018 14:38:22 ,10,1,1.39000,1,1.89000,2.35000,51.059974,3.708429,1,122,1,1.600000,1,321.67,1,4.04,1,-80,6.00,2977.96,7,0
10/30/2018 14:38:22 ,10,1,1.39000,1,1.89000,2.35000,51.059974,3.708429,1,3204,1,1.600000,1,321.67,1,4.04,1,-87,6.25,2944.40,7,1
10/30/2018 14:38:23 ,10,1,1.39000,1,1.89000,2.35000,51.059986,3.708406,1,3230,1,2.000000,1,302.21,1,4.52,1,-87,6.25,2944.40,7,0
10/30/2018 14:38:24 ,10,1,1.39000,1,1.89000,2.35000,51.059982,3.708383,1,344,1,2.000000,1,283.95,1,5.22,1,-96,5.75,2977.96,7,1
10/30/2018 14:38:25 ,10,1,1.39000,1,1.89000,2.35000,51.059963,3.708400,1,1044,1,1.800000,1,283.95,1,2.87,1,-96,5.75,2977.96,7,0
10/30/2018 14:38:25 ,10,1,1.39000,1,1.89000,2.35000,51.059963,3.708400,1,4131,1,1.800000,1,283.95,1,2.87,1,-92,6.25,2977.96,7,1
10/30/2018 14:38:26 ,10,1,2.21000,1,2.65000,3.45000,51.059955,3.708380,1,4214,1,1.500000,1,283.95,1,4.24,1,-92,6.25,2977.96,7,0
10/30/2018 14:38:27 ,10,1,2.21000,1,2.65000,3.45000,51.059967,3.708365,1,344,1,1.200000,1,283.95,1,2.39,1,-98,6.25,2977.96,7,1
10/30/2018 14:38:28 ,10,1,2.21000,1,2.65000,3.45000,51.059982,3.708339,1,1431,1,0.900000,1,290.67,1,4.17,1,-98,6.25,2977.96,7,0
10/30/2018 14:38:28 ,10,1,2.21000,1,2.65000,3.45000,51.059982,3.708339,1,10014,1,0.900000,1,290.67,1,4.17,1,-90,5.75,2961.18,7,1
10/30/2018 14:38:29 ,10,1,2.21000,1,2.65000,3.45000,51.059978,3.708325,1,10131,1,-0.400000,1,290.67,1,3.17,1,-90,5.75,2961.18,7,0
10/30/2018 14:38:30 ,10,1,2.21000,1,2.65000,3.45000,51.059986,3.708301,1,1304,1,-1.200000,1,290.67,1,3.65,1,-89,5.75,2961.18,7,1
10/30/2018 14:38:31 ,10,1,2.21000,1,2.65000,3.45000,51.060009,3.708301,1,2220,1,-1.400000,1,323.58,1,4.61,1,-89,5.75,2961.18,7,0
10/30/2018 14:38:31 ,10,1,2.21000,1,2.65000,3.45000,51.060009,3.708301,1,10433,1,-1.400000,1,323.58,1,4.61,1,-92,6.00,2944.40,7,1
10/30/2018 14:38:32 ,10,1,2.21000,1,2.65000,3.45000,51.059997,3.708310,1,11101,1,-1.800000,1,323.58,1,0.76,1,-92,6.00,2944.40,7,0
10/30/2018 14:38:33 ,10,1,2.20000,1,2.65000,3.45000,51.060005,3.708318,1,2222,1,-1.700000,1,323.58,1,1.06,1,-84,4.25,2944.40,7,1
10/30/2018 14:38:34 ,10,1,2.20000,1,2.65000,3.45000,51.060020,3.708306,1,2304,1,-2.400000,1,323.58,1,2.56,1,-84,4.25,2944.40,7,0
10/30/2018 14:38:34 ,10,1,2.20000,1,2.65000,3.45000,51.060020,3.708306,1,11434,1,-2.400000,1,323.58,1,2.56,1,-91,6.50,2961.18,7,1
10/30/2018 14:38:36 ,10,1,2.20000,1,2.65000,3.45000,51.060009,3.708364,1,423,1,-3.300000,1,323.58,1,3.85,1,-91,6.50,2961.18,7,0
10/30/2018 14:38:36 ,10,1,2.20000,1,2.65000,3.45000,51.060009,3.708364,1,3134,1,-3.300000,1,323.58,1,3.85,1,-96,6.25,2944.40,7,1
10/30/2018 14:38:37 ,10,1,2.20000,1,2.65000,3.44000,51.060012,3.708375,1,3213,1,-3.800000,1,323.58,1,3.39,1,-96,6.25,2944.40,7,0
10/30/2018 14:38:38 ,10,1,2.20000,1,2.65000,3.44000,51.060024,3.708394,1,324,1,-3.800000,1,323.58,1,4.13,1,-90,5.00,2961.18,7,1
10/30/2018 14:38:39 ,10,1,2.20000,1,2.65000,3.44000,51.060028,3.708406,1,1334,1,-4.500000,1,323.58,1,3.54,1,-90,5.00,2961.18,7,0
10/30/2018 14:38:39 ,10,1,2.20000,1,2.65000,3.44000,51.060028,3.708406,1,4100,1,-4.500000,1,323.58,1,3.54,1,-91,6.25,2961.18,7,1
10/30/2018 14:38:40 ,10,1,1.39000,1,1.89000,2.34000,51.060028,3.708414,1,4124,1,-4.300000,1,323.58,1,2.96,1,-91,6.25,2961.18,7,0
10/30/2018 14:38:41 ,4,1,2.20000,1,2.65000,3.44000,51.060024,3.708422,1,320,1,-4.400000,1,323.58,1,2.70,1,-84,6.00,2961.18,7,1
10/30/2018 14:38:42 ,4,1,1.82000,1,2.05000,2.74000,51.060047,3.708405,1,2203,1,-3.000000,1,323.58,1,1.57,1,-84,6.00,2961.18,7,0
10/30/2018 14:38:42 ,4,1,1.82000,1,2.05000,2.74000,51.060047,3.708405,1,10020,1,-3.000000,1,323.58,1,1.57,1,-80,5.50,2961.18,7,1
10/30/2018 14:38:43 ,4,1,1.82000,1,2.05000,2.74000,51.060047,3.708395,1,10023,1,-2.300000,1,262.41,1,3.44,1,-80,5.50,2961.18,7,0
10/30/2018 14:38:44 ,0,1,99.99000,1,99.99000,99.99000,51.060047,3.708395,1,14204,1,-2.300000,1,262.41,1,3.44,1,-83,6.25,2977.96,7,1
10/30/2018 14:38:45 ,4,1,2.20000,1,2.65000,3.44000,51.060043,3.708379,1,1312,1,-2.600000,1,262.41,1,2.57,1,-83,6.25,2977.96,7,0
10/30/2018 14:38:45 ,4,1,2.20000,1,2.65000,3.44000,51.060043,3.708379,1,10433,1,-2.600000,1,262.41,1,2.57,1,-86,5.75,2961.18,7,1
10/30/2018 14:38:46 ,4,1,2.20000,1,2.65000,3.44000,51.060066,3.708363,1,10444,1,-2.700000,1,303.66,1,4.80,1,-86,5.75,2961.18,7,0
10/30/2018 14:38:47 ,10,1,2.20000,1,2.65000,3.44000,51.060077,3.708358,1,2102,1,-2.500000,1,314.50,1,4.28,1,-90,6.00,2961.18,7,1
10/30/2018 14:38:48 ,4,1,2.20000,1,2.65000,3.44000,51.060089,3.708355,1,2301,1,-2.400000,1,331.36,1,4.28,1,-90,6.00,2961.18,7,0
10/30/2018 14:38:48 ,4,1,2.20000,1,2.65000,3.44000,51.060089,3.708355,1,11324,1,-2.400000,1,331.36,1,4.28,1,-101,6.00,2961.18,7,1
10/30/2018 14:38:50 ,10,1,2.20000,1,2.65000,3.44000,51.060134,3.708345,1,204,1,-1.800000,1,351.60,1,6.96,1,-101,6.00,2961.18,7,0
10/30/2018 14:38:50 ,10,1,2.20000,1,2.64000,3.44000,51.060134,3.708345,1,3024,1,-1.800000,1,351.60,1,6.96,1,-86,4.75,2977.96,7,1
10/30/2018 14:38:51 ,10,1,2.20000,1,2.64000,3.44000,51.060142,3.708336,1,3033,1,-1.800000,1,348.54,1,5.32,1,-86,4.75,2977.96,7,0
10/30/2018 14:38:52 ,10,1,2.20000,1,2.64000,3.44000,51.060161,3.708331,1,223,1,-1.800000,1,349.34,1,5.74,1,-102,6.25,2961.18,7,1
10/30/2018 14:38:53 ,10,1,2.20000,1,2.64000,3.44000,51.060173,3.708324,1,1442,1,-1.600000,1,347.87,1,5.43,1,-102,6.25,2961.18,7,0
10/30/2018 14:38:53 ,10,1,2.20000,1,2.64000,3.44000,51.060173,3.708324,1,3442,1,-1.600000,1,347.87,1,5.43,1,-92,5.75,2977.96,7,1
10/30/2018 14:38:54 ,10,1,2.20000,1,2.64000,3.44000,51.060207,3.708301,1,4012,1,-1.200000,1,340.78,1,9.78,1,-92,5.75,2977.96,7,0
10/30/2018 14:38:55 ,10,1,2.20000,1,2.64000,3.44000,51.060207,3.708298,1,202,1,-1.400000,1,339.65,1,5.39,1,-97,6.00,2977.96,7,1
10/30/2018 14:38:56 ,10,1,2.20000,1,2.64000,3.44000,51.060218,3.708288,1,2034,1,-1.500000,1,337.70,1,5.43,1,-97,6.00,2977.96,7,0
10/30/2018 14:38:56 ,10,1,2.20000,1,2.64000,3.44000,51.060218,3.708288,1,4411,1,-1.500000,1,337.70,1,5.43,1,-98,5.75,2977.96,7,1
10/30/2018 14:38:57 ,10,1,2.20000,1,2.64000,3.44000,51.060230,3.708274,1,4432,1,-1.600000,1,333.53,1,5.69,1,-98,5.75,2977.96,7,0
10/30/2018 14:38:58 ,10,1,2.20000,1,2.64000,3.44000,51.060237,3.708260,1,1114,1,-1.600000,1,326.62,1,5.56,1,-100,6.00,2994.73,7,1
10/30/2018 14:38:59 ,10,1,2.20000,1,2.64000,3.44000,51.060245,3.708247,1,2223,1,-1.400000,1,322.26,1,5.06,1,-100,6.00,2994.73,7,0
10/30/2018 14:38:59 ,10,1,2.20000,1,2.64000,3.44000,51.060245,3.708247,1,10323,1,-1.400000,1,322.26,1,5.06,1,-91,6.50,2977.96,7,1
10/30/2018 14:39:00 ,10,1,2.20000,1,2.64000,3.44000,51.060256,3.708231,1,10334,1,-1.400000,1,321.69,1,5.48,1,-91,6.50,2977.96,7,0
10/30/2018 14:39:01 ,10,1,2.20000,1,2.64000,3.44000,51.060264,3.708218,1,2033,1,-1.700000,1,321.68,1,5.22,1,-91,6.25,2977.96,7,1
10/30/2018 14:39:02 ,10,1,2.20000,1,2.64000,3.44000,51.060276,3.708192,1,2234,1,-2.000000,1,318.50,1,6.61,1,-91,6.25,2977.96,7,0
10/30/2018 14:39:02 ,10,1,2.20000,1,2.64000,3.44000,51.060276,3.708192,1,11241,1,-2.000000,1,318.50,1,6.61,1,-109,6.00,2961.18,7,1
10/30/2018 14:39:04 ,10,1,2.20000,1,2.64000,3.44000,51.060291,3.708159,1,402,1,-2.000000,1,316.30,1,5.78,1,-109,6.00,2961.18,7,0
10/30/2018 14:39:04 ,10,1,2.20000,1,2.64000,3.44000,51.060291,3.708159,1,1041,1,-2.900000,1,316.30,1,5.78,1,-101,6.00,2977.96,7,1
10/30/2018 14:39:05 ,10,1,1.38000,1,1.89000,2.34000,51.060302,3.708149,1,3023,1,-2.700000,1,321.10,1,4.80,1,-101,6.00,2977.96,7,0
10/30/2018 14:39:06 ,10,1,1.38000,1,1.89000,2.34000,51.060310,3.708136,1,144,1,-2.700000,1,323.48,1,3.91,1,-92,6.00,2977.96,7,1
10/30/2018 14:39:07 ,10,1,1.38000,1,1.89000,2.34000,51.060325,3.708136,1,322,1,-1.800000,1,337.78,1,3.35,1,-92,6.00,2977.96,7,0
10/30/2018 14:39:07 ,10,1,1.38000,1,1.89000,2.34000,51.060325,3.708136,1,3411,1,-1.800000,1,337.78,1,3.35,1,-100,5.75,2977.96,7,1
10/30/2018 14:39:08 ,10,1,1.38000,1,1.88000,2.34000,51.060340,3.708122,1,4002,1,-1.700000,1,341.59,1,3.72,1,-100,5.75,2977.96,7,0
10/30/2018 14:39:09 ,10,1,1.38000,1,1.88000,2.34000,51.060363,3.708105,1,121,1,-1.300000,1,342.07,1,5.74,1,-94,5.50,2961.18,7,1
10/30/2018 14:39:10 ,10,1,1.38000,1,1.88000,2.34000,51.060386,3.708089,1,1234,1,-0.300000,1,344.56,1,5.43,1,-94,5.50,2961.18,7,0
10/30/2018 14:39:10 ,10,1,1.38000,1,1.88000,2.34000,51.060386,3.708089,1,4323,1,-0.300000,1,344.56,1,5.43,1,-101,6.25,2961.18,7,1
10/30/2018 14:39:11 ,10,1,1.38000,1,1.88000,2.34000,51.060401,3.708070,1,4422,1,0.600000,1,338.61,1,5.43,1,-101,6.25,2961.18,7,0
10/30/2018 14:39:12 ,10,1,1.38000,1,1.88000,2.34000,51.060424,3.708050,1,1034,1,3.200000,1,347.31,1,3.44,1,-110,5.75,2961.18,7,1
10/30/2018 14:39:13 ,10,1,1.38000,1,1.88000,2.34000,51.060420,3.708025,1,2214,1,4.900000,1,347.31,1,0.72,1,-110,5.75,2961.18,7,0
10/30/2018 14:39:13 ,10,1,1.38000,1,1.88000,2.34000,51.060420,3.708025,1,10323,1,4.900000,1,347.31,1,0.72,1,-101,6.25,2977.96,7,1
10/30/2018 14:39:14 ,10,1,1.38000,1,1.88000,2.34000,51.060432,3.708014,1,11011,1,6.200000,1,347.31,1,0.33,1,-101,6.25,2977.96,7,0
10/30/2018 14:39:15 ,10,1,1.38000,1,1.88000,2.34000,51.060440,3.708010,1,2031,1,6.600000,1,347.31,1,1.28,1,-112,6.25,2977.96,7,1
10/30/2018 14:39:16 ,10,1,1.38000,1,1.88000,2.34000,51.060451,3.708010,1,2220,1,6.700000,1,347.31,1,2.46,1,-112,6.25,2977.96,7,0
10/30/2018 14:39:16 ,10,1,1.38000,1,1.88000,2.34000,51.060451,3.708010,1,11243,1,6.700000,1,347.31,1,2.46,1,-102,6.00,2977.96,7,1
10/30/2018 14:39:18 ,10,1,1.38000,1,1.88000,2.34000,51.060455,3.708003,1,334,1,7.200000,1,8.03,1,1.72,1,-102,6.00,2977.96,7,0
10/30/2018 14:39:18 ,10,1,1.38000,1,1.88000,2.34000,51.060455,3.708003,1,2444,1,7.200000,1,8.03,1,1.72,1,-101,6.25,2977.96,7,1
10/30/2018 14:39:19 ,10,1,1.38000,1,1.88000,2.34000,51.060447,3.708004,1,3014,1,7.000000,1,8.03,1,2.28,1,-101,6.25,2977.96,7,0
10/30/2018 14:39:20 ,10,1,1.38000,1,1.88000,2.34000,51.060447,3.708013,1,130,1,7.000000,1,8.03,1,3.11,1,-92,6.00,2977.96,7,1
10/30/2018 14:39:21 ,10,1,1.38000,1,1.88000,2.33000,51.060443,3.708028,1,1243,1,7.500000,1,8.03,1,3.93,1,-92,6.00,2977.96,7,0
10/30/2018 14:39:21 ,10,1,1.38000,1,1.88000,2.33000,51.060443,3.708028,1,3411,1,7.500000,1,8.03,1,3.93,1,-94,-0.75,2977.96,7,1
10/30/2018 14:39:22 ,10,1,1.38000,1,1.88000,2.33000,51.060447,3.708026,1,3430,1,8.300001,1,8.03,1,1.22,1,-94,-0.75,2977.96,7,0
10/30/2018 14:39:23 ,10,1,1.38000,1,1.88000,2.33000,51.060455,3.708033,1,123,1,8.800001,1,8.03,1,1.87,1,-102,5.75,2961.18,7,1
10/30/2018 14:39:24 ,10,1,1.38000,1,1.88000,2.33000,51.060451,3.708043,1,2210,1,9.700000,1,8.03,1,1.78,1,-102,5.75,2961.18,7,0
10/30/2018 14:39:24 ,10,1,1.38000,1,1.88000,2.33000,51.060451,3.708043,1,4331,1,9.700000,1,8.03,1,1.78,1,-96,6.50,2961.18,7,1
10/30/2018 14:39:25 ,10,1,1.38000,1,1.88000,2.33000,51.060447,3.708042,1,4401,1,11.000000,1,8.03,1,1.65,1,-96,6.50,2961.18,7,0
10/30/2018 14:39:26 ,10,1,2.00000,1,2.25000,3.01000,51.060455,3.708052,1,1040,1,11.100001,1,8.03,1,2.06,1,-101,6.25,2961.18,7,1
10/30/2018 14:39:27 ,10,1,2.00000,1,2.25000,3.01000,51.060462,3.708051,1,2223,1,10.900000,1,8.03,1,1.37,1,-101,6.25,2961.18,7,0
10/30/2018 14:39:27 ,10,1,2.00000,1,2.25000,3.01000,51.060462,3.708051,1,10244,1,10.900000,1,8.03,1,1.37,1,-102,6.00,2961.18,7,1
10/30/2018 14:39:28 ,10,1,2.00000,1,2.25000,3.01000,51.060466,3.708059,1,10312,1,11.300001,1,8.03,1,1.44,1,-102,6.00,2961.18,7,0
10/30/2018 14:39:29 ,10,1,2.00000,1,2.25000,3.01000,51.060501,3.708072,1,1434,1,11.800001,1,16.86,1,4.28,1,-93,5.75,2961.18,7,1
10/30/2018 14:39:30 ,10,1,1.38000,1,1.88000,2.33000,51.060512,3.708081,1,2233,1,12.100001,1,26.88,1,4.85,1,-93,5.75,2961.18,7,0
10/30/2018 14:39:30 ,10,1,1.38000,1,1.88000,2.33000,51.060512,3.708081,1,11134,1,12.100001,1,26.88,1,4.85,1,-92,2.25,2977.96,7,1
10/30/2018 14:39:31 ,10,1,1.38000,1,1.88000,2.33000,51.060520,3.708079,1,11230,1,12.100001,1,26.88,1,3.89,1,-92,2.25,2977.96,7,0
10/30/2018 14:39:32 ,10,1,1.38000,1,1.88000,2.33000,51.060516,3.708083,1,2412,1,12.800001,1,26.88,1,3.89,1,-96,6.25,2961.18,7,1
10/30/2018 14:39:33 ,10,1,1.38000,1,1.88000,2.33000,51.060504,3.708082,1,3004,1,13.100001,1,26.88,1,0.35,1,-96,6.25,2961.18,7,0
10/30/2018 14:39:34 ,10,1,1.38000,1,1.88000,2.33000,51.060501,3.708088,1,102,1,13.100001,1,26.88,1,0.96,1,-96,6.25,2961.18,7,1
10/30/2018 14:39:35 ,10,1,1.38000,1,1.88000,2.33000,51.060504,3.708100,1,244,1,14.800001,1,26.88,1,1.17,1,-96,6.25,2961.18,7,0
10/30/2018 14:39:35 ,10,1,1.38000,1,1.88000,2.33000,51.060504,3.708100,1,3331,1,14.800001,1,26.88,1,1.17,1,-105,6.25,2944.40,7,1
10/30/2018 14:39:36 ,10,1,1.38000,1,1.88000,2.33000,51.060497,3.708111,1,3423,1,15.800001,1,26.88,1,1.07,1,-105,6.25,2944.40,7,0
10/30/2018 14:39:37 ,4,1,2.00000,1,1.88000,2.33000,51.060493,3.708127,1,101,1,16.600000,1,26.88,1,1.56,1,-122,0.25,2961.18,7,1
10/30/2018 14:39:38 ,4,1,2.26000,1,1.00000,2.47000,51.060497,3.708126,1,1221,1,13.800001,1,26.88,1,1.76,1,-122,0.25,2961.18,7,0
10/30/2018 14:39:38 ,4,1,2.26000,1,1.00000,2.47000,51.060497,3.708126,1,4303,1,13.800001,1,26.88,1,1.76,1,-111,6.25,2944.40,7,1
10/30/2018 14:39:39 ,4,1,2.00000,1,2.25000,3.01000,51.060493,3.708134,1,4344,1,13.900000,1,26.88,1,1.31,1,-111,6.25,2944.40,7,0
10/30/2018 14:39:40 ,0,1,99.99000,1,99.99000,99.99000,51.060493,3.708134,1,14020,1,13.900000,1,26.88,1,1.31,1,-106,-2.75,2927.62,7,1
10/30/2018 14:39:41 ,0,1,99.99000,1,99.99000,99.99000,51.060493,3.708134,1,32211,1,13.900000,1,26.88,1,1.31,1,-106,-2.75,2927.62,7,0
10/30/2018 14:39:41 ,0,1,99.99000,1,99.99000,99.99000,51.060493,3.708134,1,41222,1,13.900000,1,26.88,1,1.31,1,-107,6.50,2944.40,7,1
10/30/2018 14:39:42 ,0,1,99.99000,1,99.99000,99.99000,51.060493,3.708134,1,104311,1,13.900000,1,26.88,1,1.31,1,-107,6.50,2944.40,7,0
10/30/2018 14:39:43 ,0,1,99.99000,1,99.99000,99.99000,51.060493,3.708134,1,113431,1,13.900000,1,26.88,1,1.31,1,-109,6.50,2944.40,7,1
10/30/2018 14:39:44 ,0,1,99.99000,1,99.99000,99.99000,51.060493,3.708134,1,132002,1,13.900000,1,26.88,1,1.31,1,-109,6.50,2944.40,7,0
10/30/2018 14:39:44 ,0,1,99.99000,1,99.99000,99.99000,51.060493,3.708134,1,141140,1,13.900000,1,26.88,1,1.31,1,-115,5.75,2944.40,7,1
10/30/2018 14:39:46 ,0,1,99.99000,1,99.99000,99.99000,51.060493,3.708134,1,204433,1,13.900000,1,26.88,1,1.31,1,-115,5.75,2944.40,7,0
10/30/2018 14:39:46 ,0,1,99.99000,1,99.99000,99.99000,51.060493,3.708134,1,213343,1,13.900000,1,26.88,1,1.31,1,-108,6.50,2944.40,7,1
