12/17/2018 13:03:10 ,14,1,1.41000,1,1.81000,2.30000,51.164749,3.573858,1,2442,1,18.500000,1,0,0.00,0,0
12/17/2018 13:03:18 ,13,1,1.41000,1,1.81000,2.30000,51.164730,3.574031,1,3031,1,19.200000,1,0,0.00,0,0
12/17/2018 13:03:20 ,14,1,1.41000,1,1.81000,2.30000,51.164741,3.574054,1,3100,1,15.600001,1,0,0.00,0,0
12/17/2018 13:03:22 ,13,1,1.41000,1,1.81000,2.30000,51.164733,3.574086,1,3114,1,14.000000,1,0,0.00,0,0
12/17/2018 13:03:24 ,13,1,1.41000,1,1.81000,2.30000,51.164745,3.574090,1,3401,1,13.600001,1,0,0.00,0,0
12/17/2018 13:03:26 ,14,1,1.41000,1,1.81000,2.30000,51.164745,3.574100,1,3430,1,12.000000,1,0,0.00,0,0
12/17/2018 13:03:28 ,14,1,0.99000,1,1.21000,1.56000,51.164737,3.574108,1,2411,1,12.300001,1,-117,-16.25,12,1
12/17/2018 13:03:28 ,14,1,0.99000,1,1.21000,1.56000,51.164737,3.574108,1,2411,1,12.300001,1,-117,-16.25,12,0
12/17/2018 13:03:30 ,13,1,0.99000,1,1.21000,1.56000,51.164745,3.574110,1,2443,1,13.400000,1,-117,-16.25,12,0
12/17/2018 13:03:32 ,14,1,0.99000,1,1.21000,1.56000,51.164733,3.574100,1,2442,1,10.800001,1,-117,-16.25,12,0
12/17/2018 13:03:33 ,12,1,1.41000,1,1.81000,2.30000,51.164722,3.574105,1,4130,1,11.700000,1,126,-13.50,188,1
12/17/2018 13:03:33 ,12,1,1.41000,1,1.81000,2.30000,51.164722,3.574105,1,4130,1,11.700000,1,126,-13.50,188,0
12/17/2018 13:03:35 ,13,1,1.41000,1,1.81000,2.30000,51.164695,3.574122,1,4203,1,11.100001,1,126,-13.50,188,0
12/17/2018 13:03:37 ,13,1,1.41000,1,1.81000,2.30000,51.164672,3.574133,1,4310,1,12.300001,1,126,-13.50,188,0
12/17/2018 13:03:39 ,13,1,1.41000,1,1.81000,2.30000,51.164642,3.574153,1,4300,1,12.700000,1,126,-13.50,188,0
12/17/2018 13:03:41 ,13,1,1.41000,1,1.81000,2.30000,51.164608,3.574157,1,4323,1,14.800001,1,126,-13.50,188,0
12/17/2018 13:03:43 ,13,1,1.42000,1,1.81000,2.30000,51.164588,3.574187,1,4342,1,13.800001,1,126,-13.50,188,0
12/17/2018 13:03:44 ,13,1,1.42000,1,1.81000,2.30000,51.164581,3.574209,1,131,1,13.800001,1,126,-11.50,12,1
12/17/2018 13:03:45 ,13,1,1.42000,1,1.81000,2.30000,51.164569,3.574229,1,210,1,10.800001,1,126,-11.50,12,0
12/17/2018 13:03:46 ,13,1,1.42000,1,1.81000,2.30000,51.164558,3.574237,1,1321,1,10.300001,1,126,-11.50,12,0
12/17/2018 13:03:48 ,13,1,1.42000,1,1.81000,2.30000,51.164539,3.574256,1,2234,1,11.200000,1,126,-11.50,12,0
12/17/2018 13:03:50 ,13,1,1.42000,1,1.81000,2.30000,51.164516,3.574277,1,2302,1,11.100001,1,126,-11.50,12,0
12/17/2018 13:03:52 ,13,1,1.42000,1,1.81000,2.30000,51.164497,3.574291,1,2320,1,10.100001,1,126,-11.50,12,0
12/17/2018 13:03:54 ,13,1,1.42000,1,1.81000,2.30000,51.164474,3.574310,1,2201,1,11.300001,1,126,-11.75,12,1
12/17/2018 13:03:54 ,13,1,1.42000,1,1.81000,2.30000,51.164474,3.574310,1,2201,1,11.300001,1,126,-11.75,12,0
12/17/2018 13:03:55 ,13,1,1.42000,1,1.81000,2.30000,51.164466,3.574321,1,2334,1,11.700000,1,126,-11.75,12,0
12/17/2018 13:03:56 ,13,1,1.42000,1,1.81000,2.30000,51.164455,3.574332,1,2421,1,12.600001,1,126,-11.75,12,0
12/17/2018 13:03:57 ,13,1,1.42000,1,1.81000,2.30000,51.164440,3.574342,1,3012,1,13.200000,1,126,-11.75,12,0
12/17/2018 13:03:58 ,13,1,1.42000,1,1.81000,2.30000,51.164428,3.574352,1,3100,1,13.300001,1,126,-11.75,12,0
12/17/2018 13:03:59 ,13,1,1.42000,1,1.81000,2.30000,51.164417,3.574363,1,3143,1,13.500000,1,126,-11.75,12,0
12/17/2018 13:03:59 ,13,1,1.42000,1,1.81000,2.30000,51.164417,3.574363,1,3430,1,13.500000,1,126,-11.25,12,1
12/17/2018 13:04:00 ,13,1,1.42000,1,1.81000,2.30000,51.164405,3.574378,1,4014,1,13.100001,1,126,-11.25,12,0
12/17/2018 13:04:01 ,13,1,1.42000,1,1.81000,2.30000,51.164390,3.574389,1,4110,1,12.900000,1,126,-11.25,12,0
12/17/2018 13:04:02 ,13,1,1.42000,1,1.81000,2.30000,51.164379,3.574396,1,4200,1,13.600001,1,126,-11.25,12,0
12/17/2018 13:04:03 ,13,1,1.42000,1,1.81000,2.30000,51.164363,3.574409,1,4301,1,12.600001,1,126,-11.25,12,0
12/17/2018 13:04:04 ,13,1,1.42000,1,1.81000,2.30000,51.164352,3.574424,1,4341,1,12.900000,1,126,-11.25,12,0
12/17/2018 13:04:04 ,13,1,1.42000,1,1.81000,2.30000,51.164352,3.574424,1,10213,1,12.900000,1,126,-10.25,12,1
12/17/2018 13:04:05 ,12,1,1.71000,1,2.06000,2.68000,51.164344,3.574441,1,10304,1,13.300001,1,126,-10.25,12,0
12/17/2018 13:04:06 ,13,1,1.42000,1,1.81000,2.30000,51.164329,3.574454,1,10412,1,13.600001,1,126,-10.25,12,0
12/17/2018 13:04:07 ,13,1,1.42000,1,1.81000,2.30000,51.164318,3.574465,1,10404,1,13.200000,1,126,-10.25,12,0
12/17/2018 13:04:08 ,13,1,1.42000,1,1.81000,2.30000,51.164302,3.574477,1,11041,1,12.200000,1,126,-10.25,12,0
12/17/2018 13:04:09 ,13,1,1.42000,1,1.81000,2.30000,51.164291,3.574493,1,11124,1,10.500000,1,126,-10.25,12,0
12/17/2018 13:04:10 ,13,1,1.42000,1,1.81000,2.30000,51.164279,3.574502,1,11,1,10.500000,1,126,-9.00,12,1
12/17/2018 13:04:11 ,13,1,1.42000,1,1.80000,2.30000,51.164264,3.574510,1,1124,1,10.700000,1,126,-9.00,12,0
12/17/2018 13:04:12 ,13,1,1.42000,1,1.80000,2.30000,51.164253,3.574513,1,2244,1,10.700000,1,126,-9.00,12,0
12/17/2018 13:04:13 ,13,1,1.42000,1,1.80000,2.30000,51.164237,3.574521,1,2340,1,11.100001,1,126,-9.00,12,0
12/17/2018 13:04:14 ,13,1,1.42000,1,1.80000,2.30000,51.164226,3.574530,1,2423,1,11.400000,1,126,-9.00,12,0
12/17/2018 13:04:15 ,13,1,1.42000,1,1.80000,2.30000,51.164215,3.574538,1,224,1,11.900000,1,126,-10.75,12,1
12/17/2018 13:04:16 ,13,1,1.42000,1,1.80000,2.30000,51.164203,3.574548,1,2233,1,12.300001,1,126,-10.75,12,0
12/17/2018 13:04:17 ,13,1,1.42000,1,1.80000,2.30000,51.164196,3.574557,1,2314,1,12.900000,1,126,-10.75,12,0
12/17/2018 13:04:18 ,13,1,1.72000,1,2.06000,2.68000,51.164184,3.574569,1,2404,1,12.900000,1,126,-10.75,12,0
12/17/2018 13:04:19 ,13,1,1.42000,1,1.80000,2.30000,51.164173,3.574574,1,2441,1,13.200000,1,126,-10.75,12,0
12/17/2018 13:04:20 ,13,1,1.42000,1,1.80000,2.30000,51.164161,3.574580,1,2004,1,13.600001,1,126,-12.25,12,1
12/17/2018 13:04:21 ,13,1,1.72000,1,2.06000,2.68000,51.164154,3.574589,1,2312,1,14.000000,1,126,-12.25,12,0
12/17/2018 13:04:22 ,13,1,1.72000,1,2.06000,2.68000,51.164142,3.574603,1,2402,1,13.700000,1,126,-12.25,12,0
12/17/2018 13:04:23 ,13,1,1.72000,1,2.06000,2.68000,51.164131,3.574615,1,2434,1,12.800001,1,126,-12.25,12,0
12/17/2018 13:04:24 ,13,1,1.42000,1,1.80000,2.30000,51.164123,3.574626,1,3024,1,12.500000,1,126,-12.25,12,0
12/17/2018 13:04:25 ,13,1,1.72000,1,2.06000,2.68000,51.164115,3.574637,1,3121,1,12.400000,1,126,-12.25,12,0
12/17/2018 13:04:25 ,13,1,1.72000,1,2.06000,2.68000,51.164115,3.574637,1,3233,1,12.400000,1,126,-8.75,12,1
12/17/2018 13:04:26 ,13,1,1.42000,1,1.80000,2.30000,51.164104,3.574649,1,3320,1,13.400000,1,126,-8.75,12,0
12/17/2018 13:04:27 ,13,1,1.42000,1,1.80000,2.30000,51.164093,3.574656,1,3410,1,13.300001,1,126,-8.75,12,0
12/17/2018 13:04:28 ,13,1,1.42000,1,1.80000,2.30000,51.164073,3.574660,1,3444,1,13.200000,1,126,-8.75,12,0
12/17/2018 13:04:29 ,13,1,1.42000,1,1.80000,2.30000,51.164058,3.574666,1,4040,1,12.100001,1,126,-8.75,12,0
12/17/2018 13:04:30 ,13,1,1.42000,1,1.80000,2.30000,51.164047,3.574676,1,4130,1,12.400000,1,126,-8.75,12,0
12/17/2018 13:04:30 ,13,1,1.42000,1,1.80000,2.30000,51.164047,3.574676,1,10012,1,12.400000,1,126,-8.75,12,1
12/17/2018 13:04:31 ,13,1,1.42000,1,1.80000,2.30000,51.164031,3.574682,1,10102,1,10.800001,1,126,-8.75,12,0
12/17/2018 13:04:32 ,14,1,1.42000,1,1.80000,2.30000,51.164016,3.574691,1,10232,1,9.600001,1,126,-8.75,12,0
12/17/2018 13:04:33 ,13,1,1.42000,1,1.80000,2.30000,51.164009,3.574706,1,10324,1,9.500000,1,126,-8.75,12,0
12/17/2018 13:04:34 ,13,1,1.42000,1,1.80000,2.30000,51.163997,3.574713,1,10410,1,9.400000,1,126,-8.75,12,0
12/17/2018 13:04:35 ,14,1,1.72000,1,2.06000,2.68000,51.163986,3.574723,1,11000,1,9.600001,1,126,-8.75,12,0
12/17/2018 13:04:35 ,14,1,1.72000,1,2.06000,2.68000,51.163986,3.574723,1,11242,1,9.600001,1,126,-7.25,12,1
12/17/2018 13:04:37 ,13,1,1.42000,1,1.80000,2.30000,51.163963,3.574737,1,332,1,10.200000,1,126,-7.25,12,0
12/17/2018 13:04:38 ,13,1,1.42000,1,1.80000,2.30000,51.163948,3.574743,1,2242,1,11.200000,1,126,-7.25,12,0
12/17/2018 13:04:39 ,12,1,1.42000,1,1.80000,2.30000,51.163936,3.574751,1,2331,1,11.700000,1,126,-7.25,12,0
12/17/2018 13:04:40 ,12,1,1.42000,1,1.80000,2.30000,51.163921,3.574756,1,2420,1,12.100001,1,126,-7.25,12,0
12/17/2018 13:04:41 ,12,1,1.42000,1,1.80000,2.30000,51.163906,3.574764,1,31,1,12.200000,1,126,-8.50,12,1
12/17/2018 13:04:42 ,12,1,1.42000,1,1.80000,2.30000,51.163898,3.574774,1,2240,1,13.600001,1,126,-8.50,12,0
12/17/2018 13:04:43 ,12,1,1.42000,1,1.80000,2.30000,51.163887,3.574790,1,2323,1,13.300001,1,126,-8.50,12,0
12/17/2018 13:04:44 ,12,1,1.42000,1,1.80000,2.30000,51.163875,3.574796,1,2412,1,13.700000,1,126,-8.50,12,0
12/17/2018 13:04:45 ,12,1,1.42000,1,1.80000,2.30000,51.163864,3.574805,1,3001,1,13.400000,1,126,-8.50,12,0
12/17/2018 13:04:46 ,12,1,1.42000,1,1.80000,2.30000,51.163852,3.574814,1,1311,1,13.100001,1,126,-6.75,12,1
12/17/2018 13:04:47 ,13,1,1.42000,1,1.80000,2.30000,51.163841,3.574830,1,2241,1,11.500000,1,126,-6.75,12,0
12/17/2018 13:04:48 ,12,1,1.42000,1,1.80000,2.30000,51.163822,3.574838,1,2334,1,11.400000,1,126,-6.75,12,0
12/17/2018 13:04:49 ,12,1,1.42000,1,1.80000,2.30000,51.163810,3.574850,1,2423,1,11.900000,1,126,-6.75,12,0
12/17/2018 13:04:50 ,12,1,1.42000,1,1.80000,2.30000,51.163791,3.574857,1,3014,1,11.200000,1,126,-6.75,12,0
12/17/2018 13:04:51 ,12,1,1.42000,1,1.80000,2.30000,51.163776,3.574863,1,3040,1,10.700000,1,126,-8.25,12,1
12/17/2018 13:04:51 ,12,1,1.42000,1,1.80000,2.30000,51.163776,3.574863,1,3040,1,10.700000,1,126,-8.25,12,0
12/17/2018 13:04:52 ,12,1,1.42000,1,1.80000,2.30000,51.163757,3.574869,1,3203,1,9.900000,1,126,-8.25,12,0
12/17/2018 13:04:53 ,12,1,1.42000,1,1.80000,2.30000,51.163749,3.574872,1,3240,1,10.100001,1,126,-8.25,12,0
12/17/2018 13:04:54 ,12,1,1.42000,1,1.80000,2.30000,51.163734,3.574878,1,3330,1,9.600001,1,126,-8.25,12,0
12/17/2018 13:04:55 ,12,1,1.42000,1,1.80000,2.30000,51.163722,3.574886,1,3422,1,9.400000,1,126,-8.25,12,0
12/17/2018 13:04:56 ,12,1,1.42000,1,1.80000,2.30000,51.163711,3.574895,1,4004,1,9.900000,1,126,-8.25,12,0
12/17/2018 13:04:57 ,12,1,1.43000,1,1.80000,2.30000,51.163700,3.574903,1,4040,1,10.300001,1,126,-8.25,12,0
12/17/2018 13:04:58 ,12,1,1.43000,1,1.80000,2.30000,51.163688,3.574909,1,4131,1,10.600001,1,126,-8.25,12,0
12/17/2018 13:04:59 ,12,1,1.43000,1,1.80000,2.30000,51.163677,3.574917,1,4214,1,10.900000,1,126,-8.25,12,0
12/17/2018 13:05:00 ,12,1,1.43000,1,1.80000,2.30000,51.163665,3.574929,1,4313,1,9.800001,1,126,-8.25,12,0
12/17/2018 13:05:01 ,12,1,1.43000,1,1.80000,2.30000,51.163654,3.574937,1,4401,1,9.400000,1,126,-8.25,12,0
12/17/2018 13:05:01 ,12,1,1.43000,1,1.80000,2.30000,51.163654,3.574937,1,11102,1,9.400000,1,126,-7.75,12,1
12/17/2018 13:05:02 ,12,1,1.43000,1,1.80000,2.30000,51.163642,3.574947,1,11144,1,9.300001,1,126,-7.75,12,0
12/17/2018 13:05:04 ,12,1,1.43000,1,1.80000,2.30000,51.163612,3.574966,1,212,1,9.300001,1,126,-7.75,12,0
12/17/2018 13:05:05 ,12,1,1.43000,1,1.80000,2.30000,51.163600,3.574976,1,1310,1,9.100001,1,126,-7.75,12,0
12/17/2018 13:05:06 ,12,1,1.43000,1,1.80000,2.30000,51.163589,3.574989,1,2301,1,8.900000,1,126,-7.75,12,0
12/17/2018 13:05:07 ,12,1,1.43000,1,1.80000,2.30000,51.163574,3.575000,1,233,1,8.900000,1,127,-4.00,12,1
12/17/2018 13:05:08 ,12,1,1.43000,1,1.80000,2.30000,51.163566,3.575006,1,1322,1,9.000000,1,127,-4.00,12,0
12/17/2018 13:05:09 ,12,1,1.43000,1,1.80000,2.30000,51.163555,3.575016,1,2244,1,8.600001,1,127,-4.00,12,0
12/17/2018 13:05:10 ,12,1,1.43000,1,1.80000,2.30000,51.163547,3.575024,1,2341,1,8.300001,1,127,-4.00,12,0
12/17/2018 13:05:11 ,12,1,1.43000,1,1.80000,2.30000,51.163536,3.575032,1,2430,1,8.300001,1,127,-4.00,12,0
12/17/2018 13:05:12 ,12,1,1.43000,1,1.80000,2.30000,51.163524,3.575041,1,1113,1,8.400000,1,126,-6.75,12,1
12/17/2018 13:05:13 ,12,1,1.43000,1,1.80000,2.30000,51.163513,3.575050,1,2240,1,9.400000,1,126,-6.75,12,0
12/17/2018 13:05:14 ,12,1,1.43000,1,1.80000,2.30000,51.163497,3.575056,1,2334,1,9.400000,1,126,-6.75,12,0
12/17/2018 13:05:15 ,12,1,1.43000,1,1.80000,2.30000,51.163486,3.575066,1,2421,1,9.400000,1,126,-6.75,12,0
12/17/2018 13:05:16 ,12,1,1.43000,1,1.80000,2.30000,51.163475,3.575073,1,3011,1,8.700000,1,126,-6.75,12,0
12/17/2018 13:05:17 ,12,1,1.43000,1,1.80000,2.30000,51.163463,3.575087,1,2344,1,8.300001,1,126,-7.25,12,1
12/17/2018 13:05:18 ,12,1,1.43000,1,1.80000,2.30000,51.163455,3.575103,1,2441,1,8.800001,1,126,-7.25,12,0
12/17/2018 13:05:19 ,12,1,1.43000,1,1.80000,2.30000,51.163448,3.575115,1,3041,1,9.200000,1,126,-7.25,12,0
12/17/2018 13:05:20 ,12,1,1.43000,1,1.80000,2.30000,51.163436,3.575124,1,3133,1,9.700000,1,126,-7.25,12,0
12/17/2018 13:05:21 ,12,1,1.43000,1,1.80000,2.30000,51.163421,3.575132,1,3214,1,10.000000,1,126,-7.25,12,0
12/17/2018 13:05:22 ,12,1,1.43000,1,1.80000,2.30000,51.163410,3.575136,1,3311,1,10.900000,1,126,-7.25,12,0
12/17/2018 13:05:22 ,12,1,1.43000,1,1.80000,2.30000,51.163410,3.575136,1,4130,1,10.900000,1,126,-6.00,12,1
12/17/2018 13:05:23 ,12,1,1.43000,1,1.80000,2.30000,51.163394,3.575147,1,4210,1,10.900000,1,126,-6.00,12,0
12/17/2018 13:05:24 ,12,1,1.43000,1,1.80000,2.30000,51.163383,3.575157,1,4310,1,11.000000,1,126,-6.00,12,0
12/17/2018 13:05:25 ,12,1,1.43000,1,1.80000,2.30000,51.163372,3.575162,1,4343,1,11.300001,1,126,-6.00,12,0
12/17/2018 13:05:26 ,12,1,1.43000,1,1.80000,2.30000,51.163360,3.575169,1,4432,1,11.400000,1,126,-6.00,12,0
12/17/2018 13:05:27 ,12,1,1.43000,1,1.80000,2.30000,51.163349,3.575177,1,10013,1,11.400000,1,126,-6.00,12,0
12/17/2018 13:05:27 ,12,1,1.43000,1,1.80000,2.30000,51.163349,3.575177,1,10400,1,11.400000,1,126,-7.50,12,1
12/17/2018 13:05:28 ,12,1,1.43000,1,1.80000,2.30000,51.163337,3.575188,1,10441,1,11.100001,1,126,-7.50,12,0
12/17/2018 13:05:29 ,12,1,1.43000,1,1.80000,2.30000,51.163326,3.575197,1,11022,1,10.500000,1,126,-7.50,12,0
12/17/2018 13:05:30 ,12,1,1.43000,1,1.80000,2.30000,51.163314,3.575207,1,11122,1,9.800001,1,126,-7.50,12,0
12/17/2018 13:05:31 ,12,1,1.43000,1,1.80000,2.30000,51.163303,3.575215,1,11210,1,9.200000,1,126,-7.50,12,0
12/17/2018 13:05:33 ,12,1,1.43000,1,1.80000,2.30000,51.163280,3.575235,1,124,1,9.200000,1,126,-5.50,12,1
12/17/2018 13:05:33 ,12,1,1.43000,1,1.80000,2.30000,51.163280,3.575235,1,124,1,9.200000,1,126,-5.50,12,0
12/17/2018 13:05:34 ,12,1,1.43000,1,1.80000,2.30000,51.163269,3.575246,1,2111,1,10.100001,1,126,-5.50,12,0
12/17/2018 13:05:35 ,12,1,1.43000,1,1.79000,2.30000,51.163261,3.575256,1,2303,1,10.100001,1,126,-5.50,12,0
12/17/2018 13:05:36 ,12,1,1.43000,1,1.79000,2.30000,51.163249,3.575266,1,2400,1,9.900000,1,126,-5.50,12,0
12/17/2018 13:05:37 ,12,1,1.43000,1,1.79000,2.30000,51.163238,3.575274,1,2433,1,10.100001,1,126,-5.50,12,0
12/17/2018 13:05:38 ,12,1,1.43000,1,1.79000,2.30000,51.163223,3.575285,1,411,1,10.200000,1,126,-3.75,12,1
12/17/2018 13:05:39 ,12,1,1.43000,1,1.79000,2.30000,51.163211,3.575294,1,2241,1,10.700000,1,126,-3.75,12,0
12/17/2018 13:05:40 ,12,1,1.43000,1,1.79000,2.30000,51.163200,3.575304,1,2323,1,11.000000,1,126,-3.75,12,0
12/17/2018 13:05:41 ,12,1,1.43000,1,1.79000,2.30000,51.163185,3.575312,1,2414,1,11.100001,1,126,-3.75,12,0
12/17/2018 13:05:42 ,12,1,1.43000,1,1.79000,2.30000,51.163169,3.575322,1,3004,1,11.100001,1,126,-3.75,12,0
12/17/2018 13:05:43 ,12,1,1.43000,1,1.79000,2.30000,51.163158,3.575336,1,2144,1,11.300001,1,127,-4.25,12,1
12/17/2018 13:05:44 ,12,1,1.43000,1,1.79000,2.30000,51.163143,3.575345,1,2303,1,11.100001,1,127,-4.25,12,0
12/17/2018 13:05:45 ,12,1,1.43000,1,1.79000,2.30000,51.163131,3.575354,1,2344,1,11.500000,1,127,-4.25,12,0
12/17/2018 13:05:46 ,12,1,1.43000,1,1.79000,2.30000,51.163120,3.575362,1,2441,1,11.700000,1,127,-4.25,12,0
12/17/2018 13:05:47 ,12,1,1.43000,1,1.79000,2.30000,51.163108,3.575369,1,3123,1,11.900000,1,127,-4.25,12,0
12/17/2018 13:05:48 ,12,1,1.43000,1,1.79000,2.30000,51.163097,3.575372,1,3210,1,12.100001,1,127,-4.25,12,0
12/17/2018 13:05:48 ,12,1,1.43000,1,1.79000,2.30000,51.163097,3.575372,1,3420,1,12.100001,1,126,-5.00,12,1
12/17/2018 13:05:49 ,12,1,1.43000,1,1.79000,2.30000,51.163085,3.575381,1,4014,1,12.000000,1,126,-5.00,12,0
12/17/2018 13:05:50 ,12,1,1.43000,1,1.79000,2.30000,51.163070,3.575389,1,4104,1,12.200000,1,126,-5.00,12,0
12/17/2018 13:05:51 ,12,1,1.43000,1,1.79000,2.30000,51.163059,3.575392,1,4140,1,12.100001,1,126,-5.00,12,0
12/17/2018 13:05:52 ,12,1,1.43000,1,1.79000,2.30000,51.163043,3.575397,1,4231,1,11.400000,1,126,-5.00,12,0
12/17/2018 13:05:53 ,12,1,1.43000,1,1.79000,2.30000,51.163028,3.575405,1,4314,1,11.600001,1,126,-5.00,12,0
12/17/2018 13:05:53 ,12,1,1.43000,1,1.79000,2.30000,51.163028,3.575405,1,10202,1,11.600001,1,-128,-3.00,12,1
12/17/2018 13:05:54 ,12,1,1.43000,1,1.79000,2.30000,51.163013,3.575420,1,10300,1,10.800001,1,-128,-3.00,12,0
12/17/2018 13:05:55 ,12,1,1.43000,1,1.79000,2.30000,51.162998,3.575430,1,10330,1,10.700000,1,-128,-3.00,12,0
12/17/2018 13:05:56 ,12,1,1.43000,1,1.79000,2.30000,51.162986,3.575440,1,10423,1,10.900000,1,-128,-3.00,12,0
12/17/2018 13:05:57 ,12,1,1.43000,1,1.79000,2.30000,51.162982,3.575446,1,11033,1,11.000000,1,-128,-3.00,12,0
12/17/2018 13:05:58 ,12,1,1.43000,1,1.79000,2.30000,51.162967,3.575457,1,11102,1,10.800001,1,-128,-3.00,12,0
12/17/2018 13:05:58 ,12,1,1.43000,1,1.79000,2.30000,51.162967,3.575457,1,11441,1,10.800001,1,126,-4.50,12,1
12/17/2018 13:06:00 ,12,1,1.43000,1,1.79000,2.30000,51.162956,3.575479,1,432,1,10.500000,1,126,-4.50,12,0
12/17/2018 13:06:01 ,12,1,1.43000,1,1.79000,2.30000,51.162940,3.575492,1,2231,1,9.900000,1,126,-4.50,12,0
12/17/2018 13:06:02 ,12,1,1.43000,1,1.79000,2.30000,51.162929,3.575501,1,2321,1,9.900000,1,126,-4.50,12,0
12/17/2018 13:06:03 ,12,1,1.43000,1,1.79000,2.30000,51.162914,3.575511,1,2410,1,9.700000,1,126,-4.50,12,0
12/17/2018 13:06:04 ,12,1,1.43000,1,1.79000,2.30000,51.162899,3.575524,1,231,1,9.700000,1,127,-1.75,12,1
12/17/2018 13:06:05 ,13,1,1.43000,1,1.79000,2.30000,51.162887,3.575534,1,2201,1,10.000000,1,127,-1.75,12,0
12/17/2018 13:06:06 ,12,1,1.43000,1,1.79000,2.30000,51.162876,3.575544,1,2322,1,9.600001,1,127,-1.75,12,0
12/17/2018 13:06:07 ,12,1,1.43000,1,1.79000,2.30000,51.162860,3.575555,1,2321,1,10.500000,1,127,-1.75,12,0
12/17/2018 13:06:08 ,12,1,1.44000,1,1.79000,2.30000,51.162845,3.575563,1,3001,1,10.900000,1,127,-1.75,12,0
12/17/2018 13:06:09 ,12,1,1.44000,1,1.79000,2.30000,51.162834,3.575571,1,2000,1,10.700000,1,-128,0.25,12,1
12/17/2018 13:06:10 ,12,1,1.44000,1,1.79000,2.30000,51.162815,3.575575,1,2304,1,10.000000,1,-128,0.25,12,0
12/17/2018 13:06:11 ,12,1,1.44000,1,1.79000,2.30000,51.162803,3.575581,1,2341,1,10.100001,1,-128,0.25,12,0
12/17/2018 13:06:12 ,12,1,1.44000,1,1.79000,2.30000,51.162792,3.575587,1,2434,1,10.300001,1,-128,0.25,12,0
12/17/2018 13:06:13 ,12,1,1.44000,1,1.79000,2.30000,51.162780,3.575591,1,3022,1,10.700000,1,-128,0.25,12,0
12/17/2018 13:06:14 ,12,1,1.44000,1,1.79000,2.30000,51.162773,3.575599,1,3112,1,10.400000,1,-128,0.25,12,0
12/17/2018 13:06:14 ,12,1,1.44000,1,1.79000,2.30000,51.162773,3.575599,1,3232,1,10.400000,1,-123,4.25,12,1
12/17/2018 13:06:15 ,12,1,1.44000,1,1.79000,2.30000,51.162761,3.575606,1,3322,1,9.300001,1,-123,4.25,12,0
12/17/2018 13:06:16 ,12,1,1.44000,1,1.79000,2.30000,51.162750,3.575609,1,3414,1,8.700000,1,-123,4.25,12,0
12/17/2018 13:06:17 ,12,1,1.44000,1,1.79000,2.30000,51.162738,3.575615,1,4002,1,8.500000,1,-123,4.25,12,0
12/17/2018 13:06:18 ,12,1,1.44000,1,1.79000,2.30000,51.162723,3.575624,1,4040,1,8.200000,1,-123,4.25,12,0
12/17/2018 13:06:19 ,12,1,1.44000,1,1.79000,2.30000,51.162715,3.575631,1,4122,1,8.100001,1,-123,4.25,12,0
12/17/2018 13:06:19 ,12,1,1.44000,1,1.79000,2.30000,51.162715,3.575631,1,10013,1,8.100001,1,-124,4.50,12,1
12/17/2018 13:06:20 ,12,1,1.44000,1,1.79000,2.30000,51.162700,3.575637,1,10103,1,7.400000,1,-124,4.50,12,0
12/17/2018 13:06:21 ,12,1,1.44000,1,1.79000,2.30000,51.162693,3.575650,1,10134,1,7.000000,1,-124,4.50,12,0
12/17/2018 13:06:22 ,12,1,1.44000,1,1.79000,2.30000,51.162685,3.575661,1,10232,1,6.600000,1,-124,4.50,12,0
12/17/2018 13:06:23 ,12,1,1.44000,1,1.79000,2.30000,51.162673,3.575669,1,10320,1,6.500000,1,-124,4.50,12,0
12/17/2018 13:06:24 ,12,1,1.44000,1,1.79000,2.30000,51.162666,3.575675,1,10430,1,6.600000,1,-124,4.50,12,0
12/17/2018 13:06:24 ,12,1,1.44000,1,1.79000,2.30000,51.162666,3.575675,1,11244,1,6.600000,1,-127,1.00,12,1
12/17/2018 13:06:26 ,12,1,1.44000,1,1.79000,2.30000,51.162643,3.575687,1,413,1,5.800000,1,-127,1.00,12,0
12/17/2018 13:06:27 ,11,1,1.79000,1,2.01000,2.69000,51.162635,3.575698,1,2330,1,5.700000,1,-127,1.00,12,0
12/17/2018 13:06:28 ,12,1,1.79000,1,2.01000,2.69000,51.162631,3.575710,1,3040,1,5.800000,1,-127,1.00,12,0
12/17/2018 13:06:29 ,12,1,1.79000,1,2.01000,2.69000,51.162628,3.575719,1,4121,1,6.600000,1,-127,1.00,12,0
12/17/2018 13:06:30 ,12,1,1.79000,1,2.01000,2.69000,51.162616,3.575729,1,31,1,6.900000,1,-128,-0.50,12,1
12/17/2018 13:06:31 ,12,1,1.44000,1,1.79000,2.30000,51.162601,3.575740,1,2303,1,6.800000,1,-128,-0.50,12,0
12/17/2018 13:06:32 ,12,1,1.44000,1,1.79000,2.30000,51.162590,3.575749,1,3211,1,7.200000,1,-128,-0.50,12,0
12/17/2018 13:06:33 ,12,1,1.44000,1,1.79000,2.30000,51.162578,3.575759,1,4111,1,7.500000,1,-128,-0.50,12,0
12/17/2018 13:06:34 ,12,1,1.44000,1,1.79000,2.30000,51.162567,3.575763,1,10311,1,7.300000,1,-128,-0.50,12,0
12/17/2018 13:06:35 ,12,1,1.44000,1,1.79000,2.30000,51.162551,3.575769,1,1310,1,7.100000,1,126,-3.50,12,1
12/17/2018 13:06:36 ,12,1,1.44000,1,1.79000,2.30000,51.162540,3.575778,1,3110,1,7.000000,1,126,-3.50,12,0
12/17/2018 13:06:37 ,12,1,1.44000,1,1.79000,2.30000,51.162521,3.575791,1,3314,1,7.300000,1,126,-3.50,12,0
12/17/2018 13:06:38 ,12,1,1.44000,1,1.79000,2.30000,51.162509,3.575798,1,4041,1,7.400000,1,126,-3.50,12,0
12/17/2018 13:06:39 ,12,1,1.44000,1,1.79000,2.30000,51.162494,3.575802,1,4342,1,7.100000,1,126,-3.50,12,0
12/17/2018 13:06:40 ,12,1,1.44000,1,1.79000,2.30000,51.162487,3.575808,1,3032,1,7.700000,1,127,-1.75,12,1
12/17/2018 13:06:41 ,12,1,1.44000,1,1.79000,2.30000,51.162479,3.575812,1,3240,1,8.500000,1,127,-1.75,12,0
12/17/2018 13:06:42 ,12,1,1.44000,1,1.79000,2.30000,51.162471,3.575820,1,4110,1,8.900000,1,127,-1.75,12,0
12/17/2018 13:06:43 ,12,1,1.44000,1,1.79000,2.30000,51.162460,3.575830,1,10214,1,8.600001,1,127,-1.75,12,0
12/17/2018 13:06:44 ,12,1,1.44000,1,1.79000,2.30000,51.162448,3.575839,1,11042,1,8.900000,1,127,-1.75,12,0
12/17/2018 13:06:45 ,12,1,1.44000,1,1.79000,2.30000,51.162445,3.575840,1,4340,1,8.600001,1,127,-2.75,12,1
12/17/2018 13:06:46 ,12,1,1.44000,1,1.79000,2.30000,51.162429,3.575848,1,10142,1,9.000000,1,127,-2.75,12,0
12/17/2018 13:06:47 ,12,1,1.44000,1,1.79000,2.30000,51.162422,3.575857,1,11004,1,9.100001,1,127,-2.75,12,0
12/17/2018 13:06:48 ,13,1,1.44000,1,1.79000,2.30000,51.162406,3.575863,1,11443,1,9.400000,1,127,-2.75,12,0
12/17/2018 13:06:50 ,12,1,1.44000,1,1.79000,2.30000,51.162384,3.575874,1,1004,1,10.700000,1,127,-2.75,12,0
12/17/2018 13:06:50 ,12,1,1.44000,1,1.79000,2.30000,51.162384,3.575874,1,11043,1,10.700000,1,126,-6.75,12,1
12/17/2018 13:06:51 ,12,1,1.44000,1,1.79000,2.30000,51.162376,3.575881,1,11132,1,10.900000,1,126,-6.75,12,0
12/17/2018 13:06:52 ,12,1,1.44000,1,1.79000,2.30000,51.162368,3.575894,1,11314,1,9.500000,1,126,-6.75,12,0
12/17/2018 13:06:54 ,12,1,1.44000,1,1.79000,2.30000,51.162342,3.575913,1,402,1,9.200000,1,126,-6.75,12,0
12/17/2018 13:06:55 ,12,1,1.44000,1,1.79000,2.30000,51.162334,3.575919,1,2302,1,8.900000,1,126,-6.75,12,0
12/17/2018 13:06:56 ,12,1,1.44000,1,1.79000,2.30000,51.162330,3.575923,1,330,1,8.900000,1,127,-1.75,12,1
12/17/2018 13:06:57 ,12,1,1.44000,1,1.79000,2.30000,51.162322,3.575925,1,1341,1,8.000000,1,127,-1.75,12,0
12/17/2018 13:06:58 ,12,1,1.78000,1,2.05000,2.71000,51.162307,3.575936,1,2223,1,7.600000,1,127,-1.75,12,0
12/17/2018 13:06:59 ,12,1,1.44000,1,1.79000,2.30000,51.162296,3.575952,1,2311,1,7.600000,1,127,-1.75,12,0
12/17/2018 13:07:00 ,12,1,1.44000,1,1.79000,2.30000,51.162284,3.575962,1,2403,1,7.700000,1,127,-1.75,12,0
12/17/2018 13:07:01 ,12,1,1.44000,1,1.79000,2.30000,51.162273,3.575969,1,1110,1,7.100000,1,126,-1.25,12,1
12/17/2018 13:07:02 ,12,1,1.44000,1,1.79000,2.30000,51.162258,3.575981,1,2241,1,7.000000,1,126,-1.25,12,0
12/17/2018 13:07:03 ,12,1,1.44000,1,1.79000,2.30000,51.162242,3.575990,1,2331,1,6.700000,1,126,-1.25,12,0
12/17/2018 13:07:04 ,12,1,1.44000,1,1.79000,2.30000,51.162227,3.576000,1,2421,1,6.200000,1,126,-1.25,12,0
12/17/2018 13:07:05 ,11,1,1.79000,1,2.00000,2.69000,51.162220,3.576006,1,3010,1,5.800000,1,126,-1.25,12,0
12/17/2018 13:07:06 ,11,1,1.79000,1,2.00000,2.68000,51.162208,3.576013,1,2342,1,5.500000,1,127,-0.50,12,1
12/17/2018 13:07:07 ,11,1,1.80000,1,2.00000,2.68000,51.162200,3.576018,1,2344,1,5.400000,1,127,-0.50,12,0
12/17/2018 13:07:08 ,11,1,1.80000,1,2.00000,2.68000,51.162193,3.576025,1,3043,1,5.500000,1,127,-0.50,12,0
12/17/2018 13:07:09 ,12,1,1.80000,1,2.00000,2.68000,51.162178,3.576032,1,3131,1,5.200000,1,127,-0.50,12,0
12/17/2018 13:07:10 ,13,1,1.80000,1,2.00000,2.68000,51.162174,3.576041,1,3242,1,5.600000,1,127,-0.50,12,0
12/17/2018 13:07:11 ,13,1,1.80000,1,2.00000,2.68000,51.162166,3.576051,1,3331,1,5.000000,1,127,-0.50,12,0
12/17/2018 13:07:11 ,13,1,1.80000,1,2.00000,2.68000,51.162166,3.576051,1,4200,1,5.000000,1,127,-1.00,12,1
12/17/2018 13:07:12 ,12,1,1.80000,1,2.00000,2.68000,51.162155,3.576062,1,4221,1,5.300000,1,127,-1.00,12,0
12/17/2018 13:07:13 ,12,1,1.44000,1,1.78000,2.30000,51.162139,3.576071,1,4303,1,5.800000,1,127,-1.00,12,0
12/17/2018 13:07:14 ,12,1,1.44000,1,1.78000,2.30000,51.162128,3.576082,1,4342,1,6.200000,1,127,-1.00,12,0
12/17/2018 13:07:15 ,13,1,1.44000,1,1.78000,2.30000,51.162113,3.576090,1,4423,1,7.000000,1,127,-1.00,12,0
12/17/2018 13:07:16 ,11,1,1.80000,1,1.99000,2.68000,51.162101,3.576094,1,10021,1,7.600000,1,127,-1.00,12,0
12/17/2018 13:07:16 ,11,1,1.80000,1,1.99000,2.68000,51.162101,3.576094,1,10411,1,7.600000,1,127,-2.00,12,1
12/17/2018 13:07:17 ,11,1,1.80000,1,1.99000,2.68000,51.162090,3.576101,1,11000,1,7.700000,1,127,-2.00,12,0
12/17/2018 13:07:18 ,11,1,1.80000,1,1.99000,2.68000,51.162078,3.576111,1,11040,1,8.400000,1,127,-2.00,12,0
12/17/2018 13:07:19 ,12,1,1.80000,1,1.99000,2.68000,51.162067,3.576118,1,11122,1,8.100001,1,127,-2.00,12,0
12/17/2018 13:07:20 ,12,1,1.80000,1,1.99000,2.68000,51.162055,3.576123,1,11210,1,8.800001,1,127,-2.00,12,0
12/17/2018 13:07:22 ,12,1,1.80000,1,1.99000,2.68000,51.162033,3.576141,1,123,1,8.800001,1,127,-2.50,12,1
12/17/2018 13:07:22 ,12,1,1.80000,1,1.99000,2.68000,51.162033,3.576141,1,123,1,8.800001,1,127,-2.50,12,0
12/17/2018 13:07:23 ,11,1,1.80000,1,1.99000,2.68000,51.162021,3.576152,1,2121,1,9.400000,1,127,-2.50,12,0
12/17/2018 13:07:24 ,11,1,1.80000,1,1.99000,2.68000,51.162010,3.576159,1,2231,1,10.400000,1,127,-2.50,12,0
12/17/2018 13:07:25 ,11,1,1.80000,1,1.99000,2.68000,51.161998,3.576166,1,2322,1,10.500000,1,127,-2.50,12,0
12/17/2018 13:07:26 ,11,1,1.80000,1,1.99000,2.68000,51.161991,3.576174,1,2412,1,10.000000,1,127,-2.50,12,0
12/17/2018 13:07:27 ,11,1,1.80000,1,1.99000,2.68000,51.161983,3.576184,1,430,1,9.600001,1,127,-1.75,12,1
12/17/2018 13:07:28 ,11,1,1.80000,1,1.99000,2.68000,51.161975,3.576191,1,2200,1,9.500000,1,127,-1.75,12,0
12/17/2018 13:07:29 ,11,1,1.80000,1,1.99000,2.68000,51.161960,3.576200,1,2232,1,9.000000,1,127,-1.75,12,0
12/17/2018 13:07:30 ,12,1,1.80000,1,1.99000,2.68000,51.161949,3.576208,1,2322,1,9.100001,1,127,-1.75,12,0
12/17/2018 13:07:31 ,12,1,1.80000,1,1.99000,2.68000,51.161937,3.576217,1,2412,1,9.200000,1,127,-1.75,12,0
12/17/2018 13:07:32 ,11,1,1.80000,1,1.99000,2.68000,51.161926,3.576223,1,2201,1,9.200000,1,126,-2.75,12,1
12/17/2018 13:07:33 ,11,1,1.80000,1,1.99000,2.68000,51.161914,3.576237,1,2240,1,9.000000,1,126,-2.75,12,0
12/17/2018 13:07:34 ,11,1,1.80000,1,1.99000,2.68000,51.161907,3.576248,1,2332,1,9.100001,1,126,-2.75,12,0
12/17/2018 13:07:35 ,11,1,1.80000,1,1.99000,2.68000,51.161891,3.576255,1,2423,1,9.500000,1,126,-2.75,12,0
12/17/2018 13:07:36 ,11,1,1.80000,1,1.99000,2.68000,51.161880,3.576263,1,3011,1,9.700000,1,126,-2.75,12,0
12/17/2018 13:07:37 ,11,1,1.80000,1,1.99000,2.68000,51.161865,3.576270,1,3043,1,10.100001,1,126,-2.75,12,0
12/17/2018 13:07:37 ,11,1,1.80000,1,1.99000,2.68000,51.161865,3.576270,1,3430,1,10.100001,1,126,-9.00,12,1
12/17/2018 13:07:38 ,11,1,1.80000,1,1.99000,2.68000,51.161849,3.576279,1,4021,1,10.000000,1,126,-9.00,12,0
12/17/2018 13:07:39 ,11,1,1.80000,1,1.99000,2.68000,51.161838,3.576290,1,4122,1,9.600001,1,126,-9.00,12,0
12/17/2018 13:07:40 ,11,1,1.80000,1,1.99000,2.68000,51.161827,3.576297,1,4204,1,9.500000,1,126,-9.00,12,0
12/17/2018 13:07:41 ,11,1,1.80000,1,1.99000,2.68000,51.161815,3.576308,1,4242,1,9.400000,1,126,-9.00,12,0
12/17/2018 13:07:42 ,11,1,1.80000,1,1.99000,2.68000,51.161808,3.576315,1,4330,1,9.600001,1,126,-9.00,12,0
12/17/2018 13:07:42 ,11,1,1.80000,1,1.99000,2.68000,51.161808,3.576315,1,10211,1,9.600001,1,125,-5.50,12,1
12/17/2018 13:07:43 ,11,1,1.80000,1,1.99000,2.68000,51.161796,3.576318,1,10300,1,9.400000,1,125,-5.50,12,0
12/17/2018 13:07:44 ,11,1,1.80000,1,1.99000,2.68000,51.161785,3.576324,1,10334,1,9.100001,1,125,-5.50,12,0
12/17/2018 13:07:45 ,11,1,1.80000,1,1.99000,2.68000,51.161777,3.576334,1,10423,1,9.500000,1,125,-5.50,12,0
12/17/2018 13:07:46 ,11,1,1.80000,1,1.99000,2.68000,51.161766,3.576346,1,11014,1,9.900000,1,125,-5.50,12,0
12/17/2018 13:07:47 ,11,1,1.80000,1,1.99000,2.68000,51.161754,3.576355,1,11103,1,10.100001,1,125,-5.50,12,0
12/17/2018 13:07:47 ,11,1,1.80000,1,1.99000,2.68000,51.161754,3.576355,1,11441,1,10.100001,1,126,-3.25,12,1
12/17/2018 13:07:49 ,11,1,1.80000,1,1.99000,2.68000,51.161727,3.576373,1,431,1,10.400000,1,126,-3.25,12,0
12/17/2018 13:07:50 ,11,1,1.80000,1,1.99000,2.68000,51.161716,3.576378,1,2210,1,9.800001,1,126,-3.25,12,0
12/17/2018 13:07:51 ,11,1,1.80000,1,1.99000,2.68000,51.161701,3.576386,1,2240,1,10.400000,1,126,-3.25,12,0
12/17/2018 13:07:52 ,12,1,1.80000,1,1.99000,2.68000,51.161705,3.576397,1,2411,1,10.700000,1,126,-3.25,12,0
12/17/2018 13:07:53 ,11,1,1.80000,1,1.98000,2.68000,51.161693,3.576405,1,222,1,11.000000,1,126,-2.75,12,1
12/17/2018 13:07:54 ,11,1,1.80000,1,1.98000,2.68000,51.161685,3.576411,1,2144,1,11.700000,1,126,-2.75,12,0
12/17/2018 13:07:55 ,11,1,1.80000,1,1.98000,2.68000,51.161674,3.576420,1,2234,1,12.000000,1,126,-2.75,12,0
12/17/2018 13:07:56 ,11,1,1.80000,1,1.98000,2.68000,51.161666,3.576425,1,2314,1,12.300001,1,126,-2.75,12,0
12/17/2018 13:07:57 ,12,1,1.80000,1,1.98000,2.68000,51.161651,3.576435,1,2404,1,12.000000,1,126,-2.75,12,0
12/17/2018 13:07:58 ,12,1,1.80000,1,1.98000,2.68000,51.161636,3.576438,1,2001,1,11.500000,1,125,-4.75,12,1
12/17/2018 13:07:59 ,12,1,1.45000,1,1.78000,2.30000,51.161624,3.576444,1,2224,1,10.800001,1,125,-4.75,12,0
12/17/2018 13:08:00 ,12,1,1.80000,1,1.98000,2.68000,51.161613,3.576453,1,2313,1,10.000000,1,125,-4.75,12,0
12/17/2018 13:08:01 ,11,1,1.80000,1,1.98000,2.68000,51.161598,3.576464,1,2413,1,10.000000,1,125,-4.75,12,0
12/17/2018 13:08:02 ,11,1,1.80000,1,1.98000,2.68000,51.161575,3.576472,1,3003,1,9.200000,1,125,-4.75,12,0
12/17/2018 13:08:03 ,11,1,1.80000,1,1.98000,2.68000,51.161560,3.576479,1,3042,1,9.100001,1,125,-4.75,12,0
12/17/2018 13:08:03 ,11,1,1.80000,1,1.98000,2.68000,51.161560,3.576479,1,3232,1,9.100001,1,126,-5.50,12,1
12/17/2018 13:08:04 ,12,1,1.80000,1,1.98000,2.68000,51.161552,3.576489,1,3400,1,9.200000,1,126,-5.50,12,0
12/17/2018 13:08:05 ,11,1,1.80000,1,1.98000,2.68000,51.161537,3.576497,1,3413,1,8.800001,1,126,-5.50,12,0
12/17/2018 13:08:06 ,11,1,1.80000,1,1.98000,2.68000,51.161525,3.576502,1,4003,1,8.700000,1,126,-5.50,12,0
12/17/2018 13:08:07 ,11,1,1.80000,1,1.98000,2.68000,51.161510,3.576504,1,4001,1,8.900000,1,126,-5.50,12,0
12/17/2018 13:08:08 ,12,1,1.80000,1,1.98000,2.68000,51.161506,3.576513,1,4123,1,9.600001,1,126,-5.50,12,0
12/17/2018 13:08:08 ,12,1,1.80000,1,1.98000,2.68000,51.161506,3.576513,1,10012,1,9.600001,1,126,-4.25,12,1
12/17/2018 13:08:09 ,13,1,1.80000,1,1.98000,2.68000,51.161495,3.576518,1,10100,1,9.900000,1,126,-4.25,12,0
12/17/2018 13:08:10 ,12,1,1.80000,1,1.98000,2.68000,51.161483,3.576525,1,10141,1,10.400000,1,126,-4.25,12,0
12/17/2018 13:08:11 ,13,1,1.80000,1,1.98000,2.68000,51.161476,3.576536,1,10222,1,10.200000,1,126,-4.25,12,0
12/17/2018 13:08:12 ,13,1,1.80000,1,1.98000,2.68000,51.161460,3.576550,1,10311,1,10.600001,1,126,-4.25,12,0
12/17/2018 13:08:13 ,11,1,1.80000,1,1.98000,2.68000,51.161449,3.576563,1,11000,1,11.100001,1,126,-4.25,12,0
12/17/2018 13:08:13 ,11,1,1.80000,1,1.98000,2.68000,51.161449,3.576563,1,11300,1,11.100001,1,125,-6.75,12,1
12/17/2018 13:08:15 ,11,1,1.80000,1,1.98000,2.68000,51.161418,3.576583,1,240,1,11.500000,1,125,-6.75,12,0
12/17/2018 13:08:16 ,11,1,1.80000,1,1.98000,2.68000,51.161403,3.576590,1,2201,1,11.400000,1,125,-6.75,12,0
12/17/2018 13:08:17 ,11,1,1.80000,1,1.98000,2.68000,51.161388,3.576593,1,2234,1,11.300001,1,125,-6.75,12,0
12/17/2018 13:08:18 ,11,1,1.80000,1,1.98000,2.68000,51.161369,3.576597,1,2400,1,10.900000,1,125,-6.75,12,0
12/17/2018 13:08:19 ,11,1,1.80000,1,1.98000,2.68000,51.161357,3.576600,1,23,1,11.500000,1,125,-9.75,12,1
12/17/2018 13:08:20 ,11,1,1.80000,1,1.98000,2.68000,51.161350,3.576604,1,2013,1,11.700000,1,125,-9.75,12,0
12/17/2018 13:08:21 ,11,1,1.80000,1,1.98000,2.68000,51.161338,3.576610,1,2222,1,12.200000,1,125,-9.75,12,0
12/17/2018 13:08:22 ,11,1,1.80000,1,1.98000,2.68000,51.161327,3.576619,1,2312,1,11.700000,1,125,-9.75,12,0
12/17/2018 13:08:23 ,11,1,1.80000,1,1.98000,2.68000,51.161315,3.576626,1,2401,1,11.700000,1,125,-9.75,12,0
12/17/2018 13:08:24 ,11,1,1.80000,1,1.98000,2.68000,51.161300,3.576634,1,1310,1,11.700000,1,125,-10.25,12,1
12/17/2018 13:08:25 ,11,1,1.80000,1,1.98000,2.68000,51.161289,3.576641,1,2222,1,11.900000,1,125,-10.25,12,0
12/17/2018 13:08:26 ,12,1,1.80000,1,1.98000,2.68000,51.161277,3.576648,1,2302,1,11.700000,1,125,-10.25,12,0
12/17/2018 13:08:27 ,11,1,1.80000,1,1.98000,2.68000,51.161270,3.576657,1,2341,1,11.200000,1,125,-10.25,12,0
12/17/2018 13:08:28 ,11,1,1.81000,1,1.98000,2.68000,51.161262,3.576665,1,2433,1,11.400000,1,125,-10.25,12,0
12/17/2018 13:08:29 ,11,1,1.81000,1,1.98000,2.68000,51.161254,3.576674,1,3023,1,11.200000,1,125,-10.25,12,0
12/17/2018 13:08:29 ,11,1,1.81000,1,1.98000,2.68000,51.161254,3.576674,1,3023,1,11.200000,1,125,-10.25,12,1
12/17/2018 13:08:30 ,11,1,1.81000,1,1.98000,2.68000,51.161243,3.576681,1,3132,1,11.500000,1,125,-10.25,12,0
12/17/2018 13:08:32 ,11,1,1.81000,1,1.98000,2.68000,51.161235,3.576701,1,3203,1,10.900000,1,125,-10.25,12,0
12/17/2018 13:08:34 ,11,1,1.81000,1,1.97000,2.68000,51.161209,3.576730,1,3231,1,10.800001,1,125,-10.25,12,0
12/17/2018 13:08:34 ,11,1,1.81000,1,1.97000,2.68000,51.161209,3.576730,1,4314,1,10.800001,1,125,-8.00,12,1
12/17/2018 13:08:35 ,11,1,1.81000,1,1.97000,2.68000,51.161197,3.576735,1,4332,1,11.000000,1,125,-8.00,12,0
12/17/2018 13:08:37 ,12,1,1.81000,1,1.97000,2.68000,51.161178,3.576753,1,4344,1,11.000000,1,125,-8.00,12,0
12/17/2018 13:08:39 ,11,1,1.81000,1,1.97000,2.68000,51.161159,3.576772,1,4423,1,11.400000,1,125,-8.00,12,0
12/17/2018 13:08:39 ,11,1,1.81000,1,1.97000,2.68000,51.161159,3.576772,1,11100,1,11.400000,1,126,-6.25,12,1
12/17/2018 13:08:40 ,11,1,1.81000,1,1.97000,2.68000,51.161144,3.576788,1,11113,1,11.300001,1,126,-6.25,12,0
12/17/2018 13:08:42 ,11,1,1.81000,1,1.97000,2.68000,51.161117,3.576796,1,11133,1,11.400000,1,126,-6.25,12,0
12/17/2018 13:08:44 ,11,1,1.81000,1,1.97000,2.68000,51.161087,3.576801,1,11201,1,11.700000,1,126,-6.25,12,0
12/17/2018 13:08:44 ,11,1,1.81000,1,1.97000,2.68000,51.161087,3.576801,1,12330,1,11.700000,1,125,-7.25,12,1
12/17/2018 13:08:46 ,11,1,1.81000,1,1.97000,2.67000,51.161064,3.576811,1,344,1,12.500000,1,125,-7.25,12,0
12/17/2018 13:08:47 ,12,1,1.81000,1,1.97000,2.67000,51.161052,3.576822,1,1343,1,12.300001,1,125,-7.25,12,0
12/17/2018 13:08:49 ,12,1,1.81000,1,1.97000,2.67000,51.161029,3.576844,1,2212,1,12.600001,1,125,-7.25,12,0
12/17/2018 13:08:50 ,12,1,1.81000,1,1.97000,2.67000,51.161018,3.576861,1,1111,1,11.600001,1,126,-6.50,12,1
12/17/2018 13:08:51 ,12,1,1.81000,1,1.97000,2.67000,51.161010,3.576869,1,2203,1,11.400000,1,126,-6.50,12,0
12/17/2018 13:08:53 ,11,1,1.81000,1,1.97000,2.67000,51.160991,3.576879,1,2222,1,11.400000,1,126,-6.50,12,0
12/17/2018 13:08:55 ,11,1,1.81000,1,1.97000,2.67000,51.160976,3.576890,1,2242,1,12.800001,1,126,-6.50,12,0
12/17/2018 13:08:55 ,11,1,1.81000,1,1.97000,2.67000,51.160976,3.576890,1,2341,1,12.800001,1,126,-8.75,12,1
12/17/2018 13:08:56 ,11,1,1.81000,1,1.97000,2.67000,51.160968,3.576897,1,2420,1,12.400000,1,126,-8.75,12,0
12/17/2018 13:08:58 ,11,1,1.81000,1,1.97000,2.67000,51.160949,3.576910,1,2431,1,12.300001,1,126,-8.75,12,0
12/17/2018 13:09:00 ,11,1,1.81000,1,1.97000,2.67000,51.160930,3.576921,1,2444,1,11.600001,1,126,-8.75,12,0
12/17/2018 13:09:01 ,11,1,1.81000,1,1.97000,2.67000,51.160926,3.576927,1,3041,1,11.800001,1,126,-8.75,12,0
12/17/2018 13:09:02 ,11,1,1.81000,1,1.97000,2.67000,51.160923,3.576929,1,3203,1,12.400000,1,126,-8.75,12,0
12/17/2018 13:09:03 ,11,1,1.81000,1,1.97000,2.67000,51.160930,3.576920,1,3314,1,13.400000,1,126,-8.75,12,0
12/17/2018 13:09:04 ,11,1,1.81000,1,1.97000,2.67000,51.160930,3.576922,1,3403,1,14.100001,1,126,-8.75,12,0
12/17/2018 13:09:05 ,11,1,1.81000,1,1.97000,2.67000,51.160934,3.576925,1,3443,1,14.500000,1,126,-8.75,12,0
12/17/2018 13:09:05 ,11,1,1.81000,1,1.97000,2.67000,51.160934,3.576925,1,10430,1,14.500000,1,-122,-14.75,12,1
12/17/2018 13:09:06 ,11,1,1.81000,1,1.97000,2.67000,51.160938,3.576928,1,11010,1,15.500000,1,-122,-14.75,12,0
12/17/2018 13:09:07 ,11,1,1.81000,1,1.97000,2.67000,51.160934,3.576938,1,11020,1,14.700000,1,-122,-14.75,12,0
12/17/2018 13:09:08 ,11,1,1.81000,1,1.97000,2.67000,51.160938,3.576946,1,11143,1,13.800001,1,-122,-14.75,12,0
12/17/2018 13:09:09 ,11,1,1.81000,1,1.97000,2.67000,51.160945,3.576954,1,11231,1,13.600001,1,-122,-14.75,12,0
12/17/2018 13:09:11 ,11,1,1.81000,1,1.97000,2.67000,51.160942,3.576974,1,121,1,13.600001,1,126,-9.75,12,1
12/17/2018 13:09:11 ,11,1,1.81000,1,1.97000,2.67000,51.160942,3.576974,1,121,1,13.600001,1,126,-9.75,12,0
12/17/2018 13:09:12 ,11,1,1.81000,1,1.97000,2.67000,51.160942,3.576991,1,2224,1,14.900000,1,126,-9.75,12,0
12/17/2018 13:09:13 ,13,1,1.81000,1,1.97000,2.67000,51.160938,3.577005,1,2302,1,15.100001,1,126,-9.75,12,0
12/17/2018 13:09:14 ,12,1,1.81000,1,1.97000,2.67000,51.160938,3.577013,1,2342,1,14.100001,1,126,-9.75,12,0
12/17/2018 13:09:15 ,11,1,1.81000,1,1.97000,2.67000,51.160942,3.577019,1,2432,1,14.500000,1,126,-9.75,12,0
12/17/2018 13:09:16 ,13,1,1.81000,1,1.96000,2.67000,51.160945,3.577022,1,433,1,15.000000,1,125,-10.00,12,1
12/17/2018 13:09:17 ,11,1,1.81000,1,1.96000,2.67000,51.160953,3.577037,1,2230,1,13.400000,1,125,-10.00,12,0
12/17/2018 13:09:18 ,13,1,1.81000,1,1.96000,2.67000,51.160957,3.577052,1,2311,1,12.500000,1,125,-10.00,12,0
12/17/2018 13:09:19 ,12,1,1.81000,1,1.96000,2.67000,51.160957,3.577065,1,2401,1,11.500000,1,125,-10.00,12,0
12/17/2018 13:09:20 ,11,1,1.81000,1,1.96000,2.67000,51.160949,3.577072,1,2440,1,12.000000,1,125,-10.00,12,0
12/17/2018 13:09:21 ,11,1,1.81000,1,1.96000,2.67000,51.160945,3.577078,1,3032,1,12.000000,1,125,-10.00,12,0
12/17/2018 13:09:22 ,11,1,1.81000,1,1.96000,2.67000,51.160938,3.577077,1,3042,1,11.400000,1,125,-10.00,12,0
12/17/2018 13:09:23 ,12,1,1.81000,1,1.96000,2.67000,51.160938,3.577075,1,3203,1,10.700000,1,125,-10.00,12,0
12/17/2018 13:09:24 ,11,1,1.81000,1,1.96000,2.67000,51.160930,3.577074,1,3221,1,11.400000,1,125,-10.00,12,0
12/17/2018 13:09:25 ,11,1,1.81000,1,1.96000,2.67000,51.160919,3.577081,1,3311,1,11.600001,1,125,-10.00,12,0
12/17/2018 13:09:26 ,11,1,1.81000,1,1.96000,2.67000,51.160911,3.577088,1,3423,1,12.000000,1,125,-10.00,12,0
12/17/2018 13:09:26 ,11,1,1.81000,1,1.96000,2.67000,51.160911,3.577088,1,3423,1,12.000000,1,124,-10.50,12,1
12/17/2018 13:09:27 ,12,1,1.81000,1,1.96000,2.67000,51.160911,3.577087,1,4031,1,12.000000,1,124,-10.50,12,0
12/17/2018 13:09:29 ,11,1,1.81000,1,1.96000,2.67000,51.160900,3.577084,1,4104,1,12.300001,1,124,-10.50,12,0
12/17/2018 13:09:31 ,11,1,1.81000,1,1.96000,2.67000,51.160884,3.577078,1,4130,1,12.600001,1,124,-10.50,12,0
12/17/2018 13:09:31 ,11,1,1.81000,1,1.96000,2.67000,51.160884,3.577078,1,10223,1,12.600001,1,125,-8.25,12,1
12/17/2018 13:09:32 ,12,1,1.81000,1,1.96000,2.67000,51.160884,3.577072,1,10243,1,12.800001,1,125,-8.25,12,0
12/17/2018 13:09:34 ,13,1,1.81000,1,1.96000,2.67000,51.160858,3.577082,1,10310,1,11.500000,1,125,-8.25,12,0
12/17/2018 13:09:36 ,11,1,1.81000,1,1.96000,2.67000,51.160854,3.577100,1,10332,1,9.800001,1,125,-8.25,12,0
12/17/2018 13:09:36 ,11,1,1.81000,1,1.96000,2.67000,51.160854,3.577100,1,12014,1,9.800001,1,125,-7.50,12,1
12/17/2018 13:09:38 ,11,1,1.81000,1,1.96000,2.67000,51.160842,3.577124,1,440,1,9.800001,1,125,-7.50,12,0
12/17/2018 13:09:39 ,12,1,1.81000,1,1.96000,2.67000,51.160827,3.577143,1,1003,1,7.800000,1,125,-7.50,12,0
12/17/2018 13:09:40 ,12,1,1.81000,1,1.96000,2.67000,51.160816,3.577157,1,2012,1,7.600000,1,125,-7.50,12,0
12/17/2018 13:09:42 ,10,1,2.41000,1,2.12000,3.21000,51.160800,3.577184,1,2302,1,6.200000,1,125,-7.50,12,0
12/17/2018 13:09:44 ,12,1,1.81000,1,1.96000,2.67000,51.160804,3.577173,1,2331,1,5.900000,1,125,-7.50,12,0
12/17/2018 13:09:46 ,12,1,1.81000,1,1.96000,2.67000,51.160793,3.577160,1,2323,1,5.100000,1,125,-7.50,12,0
12/17/2018 13:09:48 ,12,1,1.81000,1,1.96000,2.67000,51.160770,3.577158,1,2342,1,4.400000,1,125,-7.50,12,0
12/17/2018 13:09:50 ,12,1,1.47000,1,1.77000,2.30000,51.160747,3.577148,1,2410,1,6.400000,1,125,-7.50,12,0
12/17/2018 13:09:52 ,12,1,1.47000,1,1.77000,2.30000,51.160743,3.577140,1,3000,1,6.400000,1,125,-7.50,12,0
12/17/2018 13:09:52 ,12,1,1.47000,1,1.77000,2.30000,51.160743,3.577140,1,3300,1,6.400000,1,125,-11.50,12,1
12/17/2018 13:09:53 ,12,1,1.47000,1,1.77000,2.30000,51.160751,3.577133,1,3320,1,5.900000,1,125,-11.50,12,0
12/17/2018 13:09:55 ,12,1,1.47000,1,1.77000,2.30000,51.160755,3.577108,1,3333,1,5.500000,1,125,-11.50,12,0
12/17/2018 13:09:57 ,12,1,1.82000,1,1.96000,2.67000,51.160747,3.577091,1,3403,1,5.800000,1,125,-11.50,12,0
12/17/2018 13:09:57 ,12,1,1.82000,1,1.96000,2.67000,51.160747,3.577091,1,10031,1,5.800000,1,125,-8.50,12,1
12/17/2018 13:09:58 ,12,1,1.82000,1,1.96000,2.67000,51.160751,3.577088,1,10044,1,5.700000,1,125,-8.50,12,0
12/17/2018 13:09:59 ,12,1,1.82000,1,1.96000,2.67000,51.160743,3.577073,1,10133,1,5.600000,1,125,-8.50,12,0
12/17/2018 13:10:00 ,12,1,1.82000,1,1.95000,2.67000,51.160736,3.577067,1,10222,1,6.000000,1,125,-8.50,12,0
12/17/2018 13:10:01 ,11,1,1.82000,1,1.95000,2.67000,51.160728,3.577072,1,10311,1,6.400000,1,125,-8.50,12,0
12/17/2018 13:10:02 ,11,1,1.82000,1,1.95000,2.67000,51.160724,3.577071,1,10423,1,7.100000,1,125,-8.50,12,0
12/17/2018 13:10:02 ,11,1,1.82000,1,1.95000,2.67000,51.160724,3.577071,1,11321,1,7.100000,1,125,-13.75,124,1
12/17/2018 13:10:04 ,11,1,1.82000,1,1.95000,2.67000,51.160724,3.577074,1,311,1,8.300001,1,125,-13.75,124,0
12/17/2018 13:10:05 ,11,1,1.82000,1,1.95000,2.67000,51.160739,3.577081,1,2144,1,8.500000,1,125,-13.75,124,0
12/17/2018 13:10:06 ,11,1,1.82000,1,1.95000,2.67000,51.160736,3.577080,1,2210,1,8.400000,1,125,-13.75,124,0
12/17/2018 13:10:07 ,12,1,1.82000,1,1.95000,2.67000,51.160728,3.577075,1,2213,1,8.700000,1,125,-13.75,124,0
12/17/2018 13:10:08 ,12,1,1.82000,1,1.95000,2.67000,51.160720,3.577070,1,21,1,9.000000,1,125,-14.50,12,1
12/17/2018 13:10:09 ,11,1,1.82000,1,1.95000,2.67000,51.160717,3.577075,1,2034,1,8.700000,1,125,-14.50,12,0
12/17/2018 13:10:10 ,11,1,1.82000,1,1.95000,2.67000,51.160713,3.577075,1,2231,1,8.900000,1,125,-14.50,12,0
12/17/2018 13:10:11 ,11,1,1.82000,1,1.95000,2.67000,51.160717,3.577071,1,2312,1,10.000000,1,125,-14.50,12,0
12/17/2018 13:10:12 ,11,1,1.82000,1,1.95000,2.67000,51.160713,3.577068,1,2410,1,10.500000,1,125,-14.50,12,0
12/17/2018 13:10:13 ,12,1,1.82000,1,1.95000,2.67000,51.160705,3.577074,1,1244,1,11.800001,1,125,-10.50,12,1
12/17/2018 13:10:14 ,11,1,1.82000,1,1.95000,2.67000,51.160697,3.577083,1,2240,1,11.400000,1,125,-10.50,12,0
12/17/2018 13:10:15 ,11,1,1.82000,1,1.95000,2.67000,51.160678,3.577091,1,2324,1,10.900000,1,125,-10.50,12,0
12/17/2018 13:10:16 ,12,1,1.82000,1,1.95000,2.67000,51.160663,3.577098,1,2414,1,10.800001,1,125,-10.50,12,0
12/17/2018 13:10:17 ,12,1,1.82000,1,1.95000,2.67000,51.160655,3.577100,1,3001,1,10.800001,1,125,-10.50,12,0
12/17/2018 13:10:18 ,12,1,1.82000,1,1.95000,2.67000,51.160648,3.577105,1,3102,1,11.300001,1,125,-14.00,12,1
12/17/2018 13:10:18 ,12,1,1.82000,1,1.95000,2.67000,51.160648,3.577105,1,3102,1,11.300001,1,125,-14.00,12,0
12/17/2018 13:10:19 ,12,1,1.47000,1,1.77000,2.30000,51.160640,3.577113,1,3131,1,11.700000,1,125,-14.00,12,0
12/17/2018 13:10:20 ,12,1,1.47000,1,1.77000,2.30000,51.160625,3.577118,1,3231,1,12.100001,1,125,-14.00,12,0
12/17/2018 13:10:21 ,12,1,1.47000,1,1.77000,2.30000,51.160617,3.577120,1,3314,1,12.800001,1,125,-14.00,12,0
12/17/2018 13:10:22 ,13,1,1.47000,1,1.77000,2.30000,51.160610,3.577125,1,3431,1,13.000000,1,125,-14.00,12,0
12/17/2018 13:10:23 ,12,1,1.47000,1,1.77000,2.30000,51.160606,3.577131,1,4022,1,12.500000,1,125,-14.00,12,0
12/17/2018 13:10:23 ,12,1,1.47000,1,1.77000,2.30000,51.160606,3.577131,1,4332,1,12.500000,1,125,-11.00,12,1
12/17/2018 13:10:24 ,12,1,1.47000,1,1.77000,2.30000,51.160606,3.577135,1,4441,1,12.700000,1,125,-11.00,12,0
12/17/2018 13:10:25 ,12,1,1.47000,1,1.77000,2.30000,51.160602,3.577138,1,10022,1,13.000000,1,125,-11.00,12,0
12/17/2018 13:10:26 ,12,1,1.47000,1,1.77000,2.30000,51.160594,3.577148,1,10112,1,13.600001,1,125,-11.00,12,0
12/17/2018 13:10:27 ,12,1,1.47000,1,1.77000,2.30000,51.160591,3.577162,1,10200,1,13.100001,1,125,-11.00,12,0
12/17/2018 13:10:28 ,12,1,1.47000,1,1.77000,2.30000,51.160583,3.577168,1,10320,1,13.400000,1,125,-11.00,12,0
12/17/2018 13:10:28 ,12,1,1.47000,1,1.77000,2.30000,51.160583,3.577168,1,11110,1,13.400000,1,125,-13.00,12,1
12/17/2018 13:10:29 ,12,1,1.47000,1,1.77000,2.30000,51.160575,3.577185,1,11122,1,12.300001,1,125,-13.00,12,0
12/17/2018 13:10:30 ,12,1,1.47000,1,1.77000,2.30000,51.160568,3.577194,1,11301,1,12.400000,1,125,-13.00,12,0
12/17/2018 13:10:32 ,12,1,1.48000,1,1.77000,2.30000,51.160552,3.577198,1,234,1,12.500000,1,125,-13.00,12,0
12/17/2018 13:10:33 ,12,1,1.48000,1,1.77000,2.30000,51.160541,3.577207,1,2214,1,13.500000,1,125,-13.00,12,0
12/17/2018 13:10:34 ,12,1,1.48000,1,1.77000,2.30000,51.160530,3.577214,1,311,1,13.500000,1,125,-13.50,12,1
12/17/2018 13:10:35 ,12,1,1.48000,1,1.77000,2.30000,51.160518,3.577225,1,1303,1,13.700000,1,125,-13.50,12,0
12/17/2018 13:10:36 ,12,1,1.48000,1,1.77000,2.30000,51.160507,3.577240,1,2224,1,13.000000,1,125,-13.50,12,0
12/17/2018 13:10:37 ,12,1,1.48000,1,1.77000,2.30000,51.160495,3.577249,1,2313,1,13.100001,1,125,-13.50,12,0
12/17/2018 13:10:38 ,12,1,1.48000,1,1.77000,2.30000,51.160488,3.577259,1,2412,1,13.100001,1,125,-13.50,12,0
12/17/2018 13:10:39 ,12,1,1.48000,1,1.77000,2.30000,51.160476,3.577265,1,2443,1,13.000000,1,125,-13.50,12,0
12/17/2018 13:10:40 ,12,1,1.48000,1,1.77000,2.30000,51.160465,3.577272,1,3033,1,12.200000,1,125,-13.50,12,0
12/17/2018 13:10:41 ,12,1,1.48000,1,1.77000,2.30000,51.160453,3.577282,1,3122,1,11.600001,1,125,-13.50,12,0
12/17/2018 13:10:42 ,12,1,1.48000,1,1.77000,2.30000,51.160442,3.577292,1,3214,1,11.400000,1,125,-13.50,12,0
12/17/2018 13:10:43 ,12,1,1.48000,1,1.77000,2.30000,51.160427,3.577301,1,3304,1,11.400000,1,125,-13.50,12,0
12/17/2018 13:10:44 ,12,1,1.48000,1,1.77000,2.30000,51.160415,3.577313,1,2332,1,11.600001,1,125,-12.50,12,1
12/17/2018 13:10:45 ,12,1,1.48000,1,1.77000,2.30000,51.160408,3.577322,1,2421,1,11.500000,1,125,-12.50,12,0
12/17/2018 13:10:46 ,12,1,1.48000,1,1.77000,2.30000,51.160392,3.577329,1,3011,1,11.500000,1,125,-12.50,12,0
12/17/2018 13:10:47 ,12,1,1.48000,1,1.77000,2.30000,51.160381,3.577332,1,3101,1,11.600001,1,125,-12.50,12,0
12/17/2018 13:10:48 ,12,1,1.48000,1,1.77000,2.30000,51.160373,3.577328,1,3214,1,12.100001,1,125,-12.50,12,0
12/17/2018 13:10:49 ,12,1,1.48000,1,1.77000,2.30000,51.160358,3.577335,1,3230,1,11.800001,1,125,-12.50,12,0
12/17/2018 13:10:50 ,12,1,1.48000,1,1.77000,2.30000,51.160350,3.577340,1,3342,1,11.700000,1,125,-12.50,12,0
12/17/2018 13:10:51 ,12,1,1.48000,1,1.77000,2.30000,51.160339,3.577349,1,3402,1,11.100001,1,125,-12.50,12,0
12/17/2018 13:10:52 ,12,1,1.48000,1,1.77000,2.30000,51.160324,3.577361,1,4000,1,10.800001,1,125,-12.50,12,0
12/17/2018 13:10:53 ,12,1,1.48000,1,1.77000,2.30000,51.160308,3.577367,1,4031,1,10.800001,1,125,-12.50,12,0
12/17/2018 13:10:54 ,12,1,1.48000,1,1.77000,2.30000,51.160297,3.577377,1,4120,1,10.800001,1,125,-12.50,12,0
12/17/2018 13:10:55 ,12,1,1.48000,1,1.77000,2.30000,51.160285,3.577386,1,4203,1,10.800001,1,125,-12.50,12,0
12/17/2018 13:10:56 ,12,1,1.48000,1,1.77000,2.30000,51.160278,3.577398,1,4243,1,11.000000,1,125,-12.50,12,0
12/17/2018 13:10:57 ,12,1,1.48000,1,1.77000,2.30000,51.160270,3.577409,1,4340,1,10.700000,1,125,-12.50,12,0
12/17/2018 13:10:58 ,12,1,1.48000,1,1.77000,2.30000,51.160255,3.577419,1,4424,1,10.700000,1,125,-12.50,12,0
12/17/2018 13:10:59 ,12,1,1.48000,1,1.77000,2.30000,51.160243,3.577430,1,10013,1,10.800001,1,125,-12.50,12,0
12/17/2018 13:11:00 ,12,1,1.48000,1,1.77000,2.30000,51.160232,3.577440,1,10103,1,9.500000,1,125,-12.50,12,0
12/17/2018 13:11:01 ,12,1,1.48000,1,1.77000,2.30000,51.160221,3.577449,1,10214,1,9.100001,1,125,-12.50,12,0
12/17/2018 13:11:02 ,12,1,1.48000,1,1.77000,2.30000,51.160209,3.577458,1,10303,1,9.200000,1,125,-12.50,12,0
12/17/2018 13:11:03 ,12,1,1.48000,1,1.77000,2.30000,51.160198,3.577468,1,10340,1,8.800001,1,125,-12.50,12,0
12/17/2018 13:11:04 ,12,1,1.48000,1,1.77000,2.30000,51.160182,3.577472,1,10424,1,9.400000,1,125,-12.50,12,0
12/17/2018 13:11:05 ,12,1,1.48000,1,1.77000,2.30000,51.160167,3.577478,1,11012,1,9.800001,1,125,-12.50,12,0
12/17/2018 13:11:06 ,12,1,1.48000,1,1.77000,2.30000,51.160160,3.577484,1,11101,1,10.000000,1,125,-12.50,12,0
12/17/2018 13:11:07 ,12,1,1.48000,1,1.77000,2.30000,51.160152,3.577488,1,11131,1,10.500000,1,125,-12.50,12,0
12/17/2018 13:11:09 ,12,1,1.48000,1,1.76000,2.30000,51.160152,3.577499,1,142,1,10.500000,1,125,-12.50,12,0
12/17/2018 13:11:10 ,12,1,1.48000,1,1.76000,2.30000,51.160156,3.577505,1,1144,1,9.400000,1,125,-12.50,12,0
12/17/2018 13:11:11 ,12,1,1.48000,1,1.76000,2.30000,51.160152,3.577506,1,2222,1,8.900000,1,125,-12.50,12,0
12/17/2018 13:11:12 ,12,1,1.48000,1,1.76000,2.30000,51.160152,3.577506,1,2241,1,9.000000,1,125,-12.50,12,0
12/17/2018 13:11:13 ,12,1,1.48000,1,1.76000,2.30000,51.160144,3.577507,1,2332,1,8.200000,1,125,-12.50,12,0
12/17/2018 13:11:14 ,12,1,1.48000,1,1.76000,2.30000,51.160137,3.577508,1,2420,1,8.000000,1,125,-12.50,12,0
12/17/2018 13:11:15 ,12,1,1.48000,1,1.76000,2.30000,51.160129,3.577512,1,3004,1,7.800000,1,125,-12.50,12,0
12/17/2018 13:11:17 ,12,1,1.48000,1,1.76000,2.30000,51.160106,3.577519,1,3033,1,8.200000,1,125,-12.50,12,0
12/17/2018 13:11:19 ,13,1,1.48000,1,1.76000,2.30000,51.160087,3.577532,1,3100,1,8.600001,1,125,-12.50,12,0
12/17/2018 13:11:21 ,12,1,1.48000,1,1.76000,2.30000,51.160064,3.577542,1,3120,1,9.400000,1,125,-12.50,12,0
12/17/2018 13:11:23 ,12,1,1.48000,1,1.76000,2.30000,51.160037,3.577550,1,3134,1,9.500000,1,125,-12.50,12,0
12/17/2018 13:11:25 ,12,1,1.48000,1,1.76000,2.30000,51.160015,3.577551,1,3203,1,10.200000,1,125,-12.50,12,0
12/17/2018 13:11:27 ,12,1,1.48000,1,1.76000,2.31000,51.159996,3.577570,1,3223,1,10.000000,1,125,-12.50,12,0
12/17/2018 13:11:29 ,12,1,1.48000,1,1.76000,2.31000,51.159976,3.577587,1,3242,1,9.500000,1,125,-12.50,12,0
12/17/2018 13:11:31 ,12,1,1.48000,1,1.76000,2.31000,51.159957,3.577606,1,3311,1,9.000000,1,125,-12.50,12,0
12/17/2018 13:11:33 ,12,1,1.49000,1,1.76000,2.31000,51.159934,3.577613,1,3323,1,9.400000,1,125,-12.50,12,0
12/17/2018 13:11:35 ,12,1,1.49000,1,1.76000,2.31000,51.159915,3.577629,1,3342,1,9.800001,1,125,-12.50,12,0
12/17/2018 13:11:37 ,13,1,1.49000,1,1.76000,2.31000,51.159896,3.577647,1,3411,1,10.100001,1,125,-12.50,12,0
12/17/2018 13:11:39 ,12,1,1.49000,1,1.76000,2.31000,51.159877,3.577656,1,3430,1,10.500000,1,125,-12.50,12,0
12/17/2018 13:11:41 ,12,1,1.49000,1,1.76000,2.31000,51.159858,3.577674,1,3443,1,10.200000,1,125,-12.50,12,0
12/17/2018 13:11:43 ,12,1,1.49000,1,1.76000,2.31000,51.159839,3.577690,1,4013,1,9.700000,1,125,-12.50,12,0
12/17/2018 13:11:45 ,12,1,1.49000,1,1.76000,2.31000,51.159843,3.577716,1,4120,1,7.100000,1,125,-12.50,12,0
12/17/2018 13:11:47 ,12,1,1.49000,1,1.76000,2.31000,51.159843,3.577706,1,4144,1,8.900000,1,125,-12.50,12,0
12/17/2018 13:11:49 ,12,1,1.49000,1,1.76000,2.31000,51.159839,3.577697,1,4140,1,8.400000,1,125,-12.50,12,0
12/17/2018 13:11:51 ,12,1,1.49000,1,1.76000,2.31000,51.159835,3.577679,1,4203,1,8.800001,1,125,-12.50,12,0
12/17/2018 13:11:53 ,12,1,1.49000,1,1.76000,2.31000,51.159835,3.577663,1,4221,1,9.200000,1,125,-12.50,12,0
12/17/2018 13:11:55 ,12,1,1.49000,1,1.76000,2.31000,51.159835,3.577657,1,4323,1,9.300001,1,125,-12.50,12,0
12/17/2018 13:11:57 ,12,1,1.49000,1,1.76000,2.31000,51.159839,3.577638,1,4341,1,9.200000,1,125,-12.50,12,0
12/17/2018 13:11:59 ,12,1,1.49000,1,1.76000,2.31000,51.159828,3.577620,1,4333,1,9.300001,1,125,-12.50,12,0
12/17/2018 13:12:01 ,12,1,1.49000,1,1.76000,2.31000,51.159816,3.577605,1,4401,1,9.400000,1,125,-12.50,12,0
12/17/2018 13:12:03 ,12,1,1.49000,1,1.76000,2.31000,51.159805,3.577589,1,4413,1,8.200000,1,125,-12.50,12,0
12/17/2018 13:12:05 ,12,1,1.49000,1,1.76000,2.31000,51.159786,3.577590,1,10041,1,8.200000,1,125,-12.50,12,0
12/17/2018 13:12:06 ,12,1,1.49000,1,1.76000,2.31000,51.159778,3.577590,1,10110,1,7.400000,1,125,-12.50,12,0
12/17/2018 13:12:08 ,12,1,1.49000,1,1.76000,2.31000,51.159751,3.577581,1,10103,1,7.800000,1,125,-12.50,12,0
12/17/2018 13:12:09 ,12,1,1.49000,1,1.76000,2.31000,51.159755,3.577583,1,10201,1,7.800000,1,125,-12.50,12,0
12/17/2018 13:12:11 ,12,1,1.49000,1,1.76000,2.31000,51.159740,3.577603,1,10213,1,8.700000,1,125,-12.50,12,0
12/17/2018 13:12:13 ,12,1,1.49000,1,1.76000,2.31000,51.159721,3.577621,1,10242,1,8.800001,1,125,-12.50,12,0
12/17/2018 13:12:14 ,12,1,1.49000,1,1.76000,2.31000,51.159721,3.577622,1,10310,1,9.000000,1,125,-12.50,12,0
12/17/2018 13:12:15 ,12,1,1.49000,1,1.76000,2.31000,51.159721,3.577622,1,10341,1,8.900000,1,125,-12.50,12,0
12/17/2018 13:12:17 ,12,1,1.49000,1,1.76000,2.31000,51.159698,3.577643,1,10334,1,8.300001,1,125,-12.50,12,0
12/17/2018 13:12:19 ,12,1,1.49000,1,1.76000,2.31000,51.159687,3.577671,1,10433,1,8.400000,1,125,-12.50,12,0
12/17/2018 13:12:21 ,12,1,1.49000,1,1.76000,2.31000,51.159679,3.577702,1,11001,1,7.000000,1,125,-12.50,12,0
12/17/2018 13:12:23 ,12,1,1.49000,1,1.76000,2.31000,51.159645,3.577723,1,10443,1,5.800000,1,125,-12.50,12,0
12/17/2018 13:12:25 ,12,1,1.83000,1,1.92000,2.66000,51.159637,3.577723,1,11041,1,6.100000,1,125,-12.50,12,0
12/17/2018 13:12:27 ,12,1,1.84000,1,1.92000,2.66000,51.159622,3.577721,1,11032,1,7.300000,1,125,-12.50,12,0
12/17/2018 13:12:29 ,12,1,1.49000,1,1.76000,2.31000,51.159614,3.577711,1,11103,1,5.900000,1,125,-12.50,12,0
12/17/2018 13:12:31 ,11,1,1.84000,1,1.92000,2.66000,51.159599,3.577706,1,11202,1,7.400000,1,125,-12.50,12,0
12/17/2018 13:12:33 ,11,1,1.84000,1,1.92000,2.66000,51.159599,3.577679,1,11212,1,8.600001,1,125,-12.50,12,0
12/17/2018 13:12:34 ,11,1,1.84000,1,1.92000,2.66000,51.159603,3.577667,1,11241,1,8.300001,1,125,-12.50,12,0
12/17/2018 13:12:36 ,11,1,1.84000,1,1.92000,2.66000,51.159599,3.577650,1,204,1,8.300001,1,125,-12.50,12,0
12/17/2018 13:12:37 ,12,1,1.84000,1,1.92000,2.66000,51.159591,3.577649,1,332,1,8.100001,1,125,-12.50,12,0
12/17/2018 13:12:38 ,12,1,1.84000,1,1.92000,2.66000,51.159580,3.577640,1,1341,1,8.800001,1,125,-12.50,12,0
12/17/2018 13:12:40 ,12,1,1.50000,1,1.76000,2.31000,51.159561,3.577622,1,2223,1,8.800001,1,125,-12.50,12,0
12/17/2018 13:12:42 ,12,1,1.50000,1,1.76000,2.31000,51.159534,3.577609,1,2242,1,9.600001,1,125,-12.50,12,0
12/17/2018 13:12:44 ,12,1,1.50000,1,1.76000,2.31000,51.159515,3.577591,1,2232,1,10.600001,1,125,-12.50,12,0
12/17/2018 13:12:46 ,12,1,1.84000,1,1.92000,2.66000,51.159500,3.577580,1,2402,1,12.100001,1,125,-12.50,12,0
12/17/2018 13:12:48 ,12,1,1.84000,1,1.92000,2.66000,51.159481,3.577575,1,2401,1,11.600001,1,125,-12.50,12,0
12/17/2018 13:12:50 ,12,1,1.84000,1,1.92000,2.66000,51.159450,3.577581,1,2414,1,12.600001,1,125,-12.50,12,0
12/17/2018 13:12:52 ,12,1,1.84000,1,1.92000,2.66000,51.159427,3.577601,1,2433,1,13.000000,1,125,-12.50,12,0
12/17/2018 13:12:54 ,12,1,1.84000,1,1.92000,2.66000,51.159404,3.577613,1,3002,1,12.800001,1,125,-12.50,12,0
12/17/2018 13:12:56 ,11,1,1.84000,1,1.92000,2.66000,51.159389,3.577626,1,3100,1,12.800001,1,125,-12.50,12,0
12/17/2018 13:12:58 ,12,1,1.84000,1,1.92000,2.66000,51.159378,3.577645,1,3033,1,12.600001,1,125,-12.50,12,0
12/17/2018 13:13:00 ,11,1,1.84000,1,1.92000,2.66000,51.159362,3.577668,1,3111,1,12.400000,1,125,-12.50,12,0
12/17/2018 13:13:02 ,12,1,1.84000,1,1.92000,2.66000,51.159351,3.577678,1,3202,1,9.300001,1,125,-12.50,12,0
12/17/2018 13:13:04 ,12,1,1.84000,1,1.92000,2.66000,51.159339,3.577678,1,3221,1,6.200000,1,125,-12.50,12,0
12/17/2018 13:13:06 ,12,1,1.84000,1,1.92000,2.66000,51.159343,3.577678,1,3241,1,5.900000,1,125,-12.50,12,0
12/17/2018 13:13:08 ,12,1,1.84000,1,1.92000,2.66000,51.159347,3.577677,1,3304,1,5.600000,1,125,-12.50,12,0
12/17/2018 13:13:10 ,12,1,1.84000,1,1.92000,2.66000,51.159355,3.577674,1,3324,1,5.600000,1,125,-12.50,12,0
12/17/2018 13:13:12 ,12,1,1.84000,1,1.91000,2.66000,51.159362,3.577671,1,3340,1,6.100000,1,125,-12.50,12,0
12/17/2018 13:13:14 ,12,1,1.84000,1,1.91000,2.66000,51.159366,3.577668,1,3430,1,6.200000,1,125,-12.50,12,0
