11/07/2018 14:29:21 ,13,1,0.99000,1,1.80000,2.05000,51.136589,2.676215,1,2304,1,-9.700000,1,77.44,1,0.81,1,0,0.00,-1910.77,0,0
11/07/2018 14:29:23 ,14,1,0.99000,1,1.80000,2.05000,51.136577,2.676180,1,2312,1,-7.700000,1,121.14,1,2.87,1,0,0.00,-1910.77,0,0
11/07/2018 14:29:25 ,14,1,0.96000,1,1.71000,1.96000,51.136562,2.676140,1,3043,1,-6.500000,1,232.83,1,3.65,1,0,0.00,-1910.77,0,0
11/07/2018 14:29:27 ,20,1,0.96000,1,1.71000,1.96000,51.136547,2.676100,1,3113,1,-5.500000,1,240.53,1,3.70,1,0,0.00,-1910.77,0,0
11/07/2018 14:29:29 ,13,1,0.99000,1,1.80000,2.06000,51.136543,2.676076,1,3210,1,-6.500000,1,245.55,1,3.83,1,0,0.00,-1910.77,0,0
11/07/2018 14:29:31 ,14,1,0.96000,1,1.74000,1.98000,51.136539,2.676105,1,3230,1,-7.700000,1,139.90,1,1.33,1,0,0.00,-1910.77,0,0
11/07/2018 14:29:33 ,13,1,1.03000,1,2.00000,2.25000,51.136524,2.676056,1,3302,1,-5.900000,1,220.71,1,3.43,1,0,0.00,-1910.77,0,0
11/07/2018 14:29:35 ,20,1,1.31000,1,2.14000,2.51000,51.136512,2.676018,1,4031,1,-6.700000,1,232.22,1,5.22,1,0,0.00,-1910.77,0,0
11/07/2018 14:29:37 ,13,1,1.05000,1,1.74000,2.03000,51.136501,2.675972,1,4111,1,-6.600000,1,239.89,1,5.00,1,0,0.00,-1910.77,0,0
11/07/2018 14:29:39 ,14,1,0.96000,1,1.74000,1.99000,51.136493,2.675925,1,4123,1,-5.600000,1,241.38,1,4.72,1,0,0.00,-1910.77,0,0
11/07/2018 14:29:40 ,14,1,0.96000,1,1.74000,1.99000,51.136486,2.675905,1,4200,1,-6.000000,1,245.02,1,4.76,1,0,0.00,-1910.77,0,0
11/07/2018 14:29:42 ,14,1,0.96000,1,1.74000,1.99000,51.136482,2.675875,1,4221,1,-5.900000,1,250.19,1,3.94,1,0,0.00,-1910.77,0,0
11/07/2018 14:29:44 ,14,1,0.96000,1,1.74000,1.99000,51.136474,2.675840,1,4244,1,-7.000000,1,249.78,1,3.87,1,0,0.00,-1910.77,0,0
11/07/2018 14:29:46 ,14,1,0.96000,1,1.74000,1.99000,51.136466,2.675801,1,4321,1,-8.100001,1,254.13,1,3.54,1,0,0.00,-1910.77,0,0
11/07/2018 14:29:48 ,14,1,0.96000,1,1.68000,1.94000,51.136459,2.675763,1,4332,1,-7.000000,1,250.98,1,3.19,1,0,0.00,-1910.77,0,0
11/07/2018 14:29:50 ,14,1,0.96000,1,1.72000,1.97000,51.136451,2.675735,1,4433,1,-6.300000,1,245.05,1,1.00,1,0,0.00,-1910.77,0,0
11/07/2018 14:29:52 ,20,1,0.92000,1,1.68000,1.91000,51.136455,2.675729,1,10001,1,-5.200000,1,245.05,1,0.33,1,0,0.00,-1910.77,0,0
11/07/2018 14:29:54 ,20,1,0.92000,1,1.68000,1.91000,51.136451,2.675728,1,10021,1,-5.200000,1,245.05,1,0.06,1,0,0.00,-1910.77,0,0
11/07/2018 14:29:56 ,20,1,0.92000,1,1.68000,1.91000,51.136451,2.675713,1,10022,1,-4.200000,1,246.10,1,2.74,1,0,0.00,-1910.77,0,0
11/07/2018 14:29:58 ,20,1,0.92000,1,1.68000,1.91000,51.136444,2.675694,1,10034,1,-4.500000,1,242.71,1,3.07,1,0,0.00,-1910.77,0,0
11/07/2018 14:30:00 ,14,1,0.96000,1,1.74000,1.99000,51.136432,2.675657,1,10130,1,-4.700000,1,241.48,1,4.33,1,0,0.00,-1910.77,0,0
11/07/2018 14:30:02 ,20,1,0.96000,1,1.74000,1.99000,51.136428,2.675625,1,10134,1,-3.900000,1,249.71,1,3.93,1,0,0.00,-1910.77,0,0
11/07/2018 14:30:04 ,20,1,0.96000,1,1.74000,1.99000,51.136428,2.675599,1,10213,1,-4.600000,1,259.28,1,3.33,1,0,0.00,-1910.77,0,0
11/07/2018 14:30:06 ,20,1,0.92000,1,1.68000,1.91000,51.136428,2.675571,1,10231,1,-4.800000,1,261.38,1,4.04,1,0,0.00,-1910.77,0,0
11/07/2018 14:30:08 ,20,1,0.92000,1,1.68000,1.92000,51.136428,2.675541,1,10311,1,-4.300000,1,264.84,1,2.98,1,0,0.00,-1910.77,0,0
11/07/2018 14:30:10 ,20,1,0.92000,1,1.68000,1.92000,51.136428,2.675507,1,10332,1,-3.200000,1,265.54,1,4.87,1,0,0.00,-1910.77,0,0
11/07/2018 14:30:12 ,20,1,0.92000,1,1.68000,1.92000,51.136425,2.675466,1,10404,1,-1.900000,1,265.70,1,4.63,1,0,0.00,-1910.77,0,0
11/07/2018 14:30:14 ,20,1,1.06000,1,1.75000,2.04000,51.136421,2.675434,1,10432,1,-1.400000,1,266.28,1,3.83,1,0,0.00,-1910.77,0,0
11/07/2018 14:30:16 ,14,1,0.96000,1,1.75000,2.00000,51.136417,2.675392,1,4,1,-1.200000,1,259.37,1,3.89,1,0,0.00,-1910.77,0,0
11/07/2018 14:30:17 ,14,1,1.73000,1,3.61000,4.00000,51.136409,2.675381,1,242,1,-2.200000,1,256.33,1,3.72,1,0,0.00,-1910.77,0,0
11/07/2018 14:30:18 ,14,1,0.96000,1,1.75000,2.00000,51.136405,2.675371,1,1402,1,-2.700000,1,258.97,1,2.30,1,0,0.00,-1910.77,0,0
11/07/2018 14:30:20 ,14,1,1.28000,1,2.46000,2.78000,51.136405,2.675363,1,2402,1,-3.600000,1,265.71,1,1.50,1,0,0.00,-1910.77,0,0
11/07/2018 14:30:21 ,13,1,1.07000,1,2.29000,2.52000,51.136402,2.675364,1,3142,1,-3.900000,1,265.71,1,0.52,1,0,0.00,-1910.77,0,0
11/07/2018 14:30:23 ,13,1,1.07000,1,2.29000,2.53000,51.136405,2.675374,1,3221,1,-3.700000,1,265.71,1,0.56,1,0,0.00,-1910.77,0,0
11/07/2018 14:30:25 ,14,1,1.03000,1,2.02000,2.27000,51.136405,2.675377,1,3232,1,-3.600000,1,265.71,1,0.59,1,0,0.00,-1910.77,0,0
11/07/2018 14:30:27 ,12,1,1.31000,1,2.17000,2.53000,51.136405,2.675371,1,3243,1,-3.500000,1,273.79,1,1.07,1,0,0.00,-1910.77,0,0
11/07/2018 14:30:29 ,14,1,1.31000,1,2.17000,2.53000,51.136402,2.675349,1,3320,1,-3.600000,1,253.32,1,2.22,1,0,0.00,-1910.77,0,0
11/07/2018 14:30:31 ,12,1,1.31000,1,2.17000,2.53000,51.136398,2.675324,1,4110,1,-3.800000,1,263.70,1,2.83,1,0,0.00,-1910.77,0,0
11/07/2018 14:30:33 ,14,1,1.31000,1,2.17000,2.53000,51.136394,2.675303,1,4132,1,-4.100000,1,259.97,1,2.74,1,0,0.00,-1910.77,0,0
11/07/2018 14:30:35 ,13,1,1.31000,1,2.17000,2.53000,51.136390,2.675278,1,4211,1,-3.900000,1,254.15,1,2.63,1,0,0.00,-1910.77,0,0
11/07/2018 14:30:37 ,14,1,1.03000,1,2.02000,2.27000,51.136386,2.675259,1,4333,1,-3.300000,1,247.75,1,3.22,1,0,0.00,-1910.77,0,0
11/07/2018 14:30:39 ,13,1,1.79000,1,2.52000,3.09000,51.136386,2.675222,1,4424,1,-2.900000,1,260.03,1,4.69,1,0,0.00,-1910.77,0,0
11/07/2018 14:30:41 ,14,1,0.96000,1,1.75000,2.00000,51.136375,2.675187,1,4432,1,-3.300000,1,249.69,1,4.06,1,0,0.00,-1910.77,0,0
11/07/2018 14:30:43 ,20,1,0.92000,1,1.69000,1.93000,51.136363,2.675163,1,4443,1,-4.300000,1,245.80,1,4.48,1,0,0.00,-1910.77,0,0
11/07/2018 14:30:45 ,20,1,0.92000,1,1.69000,1.93000,51.136352,2.675134,1,10021,1,-4.200000,1,241.56,1,4.13,1,0,0.00,-1910.77,0,0
11/07/2018 14:30:47 ,20,1,0.92000,1,1.69000,1.93000,51.136341,2.675104,1,10041,1,-3.300000,1,237.87,1,5.15,1,0,0.00,-1910.77,0,0
11/07/2018 14:30:49 ,20,1,0.92000,1,1.69000,1.93000,51.136333,2.675069,1,10104,1,-3.200000,1,244.94,1,5.09,1,0,0.00,-1910.77,0,0
11/07/2018 14:30:51 ,20,1,0.92000,1,1.69000,1.93000,51.136322,2.675029,1,10131,1,-3.000000,1,242.54,1,5.06,1,0,0.00,-1910.77,0,0
11/07/2018 14:30:53 ,20,1,0.92000,1,1.69000,1.93000,51.136310,2.674999,1,10211,1,-3.200000,1,241.98,1,4.43,1,0,0.00,-1910.77,0,0
11/07/2018 14:30:55 ,20,1,0.92000,1,1.69000,1.93000,51.136299,2.674975,1,10232,1,-4.700000,1,238.75,1,4.35,1,0,0.00,-1910.77,0,0
11/07/2018 14:30:57 ,20,1,0.92000,1,1.69000,1.93000,51.136291,2.674940,1,10310,1,-4.000000,1,241.21,1,4.70,1,0,0.00,-1910.77,0,0
11/07/2018 14:30:59 ,20,1,0.92000,1,1.69000,1.93000,51.136280,2.674910,1,10322,1,-3.500000,1,235.89,1,3.76,1,0,0.00,-1910.77,0,0
11/07/2018 14:31:00 ,20,1,0.92000,1,1.69000,1.93000,51.136276,2.674895,1,10400,1,-3.100000,1,236.78,1,3.61,1,0,0.00,-1910.77,0,0
11/07/2018 14:31:02 ,20,1,0.92000,1,1.70000,1.93000,51.136268,2.674868,1,10413,1,-2.300000,1,236.57,1,3.80,1,0,0.00,-1910.77,0,0
11/07/2018 14:31:04 ,20,1,0.92000,1,1.70000,1.93000,51.136260,2.674836,1,10443,1,-0.800000,1,243.88,1,4.70,1,0,0.00,-1910.77,0,0
11/07/2018 14:31:06 ,20,1,0.92000,1,1.70000,1.93000,51.136249,2.674798,1,11012,1,0.100000,1,249.80,1,5.89,1,0,0.00,-1910.77,0,0
11/07/2018 14:31:08 ,20,1,0.92000,1,1.70000,1.93000,51.136241,2.674757,1,11040,1,0.100000,1,250.72,1,5.91,1,0,0.00,-1910.77,0,0
11/07/2018 14:31:10 ,20,1,0.92000,1,1.70000,1.93000,51.136230,2.674715,1,11110,1,-0.200000,1,247.74,1,5.30,1,0,0.00,-1910.77,0,0
11/07/2018 14:31:12 ,20,1,0.92000,1,1.70000,1.93000,51.136219,2.674679,1,213,1,-0.200000,1,250.31,1,5.17,1,0,0.00,-1910.77,0,0
11/07/2018 14:31:13 ,20,1,0.92000,1,1.70000,1.93000,51.136215,2.674660,1,444,1,-1.100000,1,250.71,1,5.19,1,0,0.00,-1910.77,0,0
11/07/2018 14:31:14 ,20,1,0.92000,1,1.70000,1.93000,51.136211,2.674640,1,2212,1,-1.800000,1,252.65,1,4.76,1,0,0.00,-1910.77,0,0
11/07/2018 14:31:16 ,20,1,0.92000,1,1.70000,1.93000,51.136207,2.674606,1,2314,1,-1.600000,1,249.59,1,5.22,1,0,0.00,-1910.77,0,0
11/07/2018 14:31:17 ,20,1,0.92000,1,1.70000,1.93000,51.136199,2.674590,1,3104,1,-1.600000,1,248.38,1,4.74,1,0,0.00,-1910.77,0,0
11/07/2018 14:31:19 ,20,1,0.92000,1,1.70000,1.94000,51.136192,2.674550,1,3133,1,-2.600000,1,248.84,1,7.63,1,0,0.00,-1910.77,0,0
11/07/2018 14:31:21 ,20,1,0.93000,1,1.70000,1.94000,51.136180,2.674513,1,3211,1,-1.700000,1,244.51,1,4.20,1,0,0.00,-1910.77,0,0
11/07/2018 14:31:23 ,20,1,0.93000,1,1.70000,1.94000,51.136177,2.674483,1,3224,1,-0.900000,1,246.84,1,4.32,1,0,0.00,-1910.77,0,0
11/07/2018 14:31:24 ,20,1,0.93000,1,1.70000,1.94000,51.136173,2.674469,1,3300,1,-0.500000,1,245.79,1,3.57,1,0,0.00,-1910.77,0,0
11/07/2018 14:31:26 ,20,1,0.93000,1,1.70000,1.94000,51.136165,2.674436,1,3322,1,0.100000,1,245.22,1,5.32,1,0,0.00,-1910.77,0,0
11/07/2018 14:31:27 ,20,1,0.93000,1,1.70000,1.94000,51.136161,2.674417,1,4112,1,0.000000,1,246.72,1,5.54,1,0,0.00,-1910.77,0,0
11/07/2018 14:31:29 ,14,1,0.97000,1,1.74000,2.00000,51.136154,2.674378,1,4201,1,1.200000,1,249.77,1,4.44,1,0,0.00,-1910.77,0,0
11/07/2018 14:31:31 ,20,1,0.93000,1,1.70000,1.94000,51.136146,2.674344,1,4204,1,1.500000,1,250.40,1,5.98,1,0,0.00,-1910.77,0,0
11/07/2018 14:31:33 ,14,1,0.97000,1,1.71000,1.97000,51.136135,2.674301,1,4241,1,1.600000,1,241.83,1,6.17,1,0,0.00,-1910.77,0,0
11/07/2018 14:31:35 ,14,1,0.97000,1,1.71000,1.97000,51.136119,2.674266,1,4313,1,-0.400000,1,241.96,1,4.30,1,0,0.00,-1910.77,0,0
11/07/2018 14:31:37 ,20,1,0.97000,1,1.71000,1.97000,51.136104,2.674230,1,4331,1,-1.700000,1,231.35,1,5.35,1,0,0.00,-1910.77,0,0
11/07/2018 14:31:39 ,14,1,0.97000,1,1.71000,1.97000,51.136089,2.674192,1,4411,1,-2.400000,1,226.67,1,5.41,1,0,0.00,-1910.77,0,0
11/07/2018 14:31:41 ,20,1,0.97000,1,1.71000,1.97000,51.136077,2.674162,1,4423,1,-1.500000,1,236.72,1,5.06,1,0,0.00,-1910.77,0,0
11/07/2018 14:31:43 ,20,1,0.93000,1,1.71000,1.94000,51.136074,2.674131,1,10000,1,-0.400000,1,243.34,1,4.39,1,0,0.00,-1910.77,0,0
11/07/2018 14:31:45 ,20,1,0.93000,1,1.71000,1.94000,51.136066,2.674109,1,10020,1,-0.600000,1,244.46,1,5.04,1,0,0.00,-1910.77,0,0
11/07/2018 14:31:47 ,20,1,0.93000,1,1.71000,1.94000,51.136062,2.674076,1,10034,1,-0.800000,1,248.63,1,5.17,1,0,0.00,-1910.77,0,0
11/07/2018 14:31:49 ,20,1,0.93000,1,1.71000,1.94000,51.136051,2.674030,1,10104,1,-0.500000,1,251.50,1,5.26,1,0,0.00,-1910.77,0,0
11/07/2018 14:31:51 ,20,1,0.93000,1,1.71000,1.94000,51.136043,2.673997,1,10134,1,-0.500000,1,246.49,1,4.44,1,0,0.00,-1910.77,0,0
11/07/2018 14:31:53 ,20,1,0.93000,1,1.71000,1.94000,51.136035,2.673958,1,10211,1,0.200000,1,246.46,1,4.83,1,0,0.00,-1910.77,0,0
11/07/2018 14:31:55 ,14,1,0.97000,1,1.71000,1.97000,51.136028,2.673925,1,10243,1,2.300000,1,239.78,1,4.33,1,0,0.00,-1910.77,0,0
11/07/2018 14:31:57 ,14,1,0.97000,1,1.72000,1.97000,51.136020,2.673894,1,10304,1,2.700000,1,242.98,1,5.13,1,0,0.00,-1910.77,0,0
11/07/2018 14:31:59 ,14,1,0.97000,1,1.72000,1.97000,51.136016,2.673864,1,10340,1,2.600000,1,250.53,1,3.61,1,0,0.00,-1910.77,0,0
11/07/2018 14:32:01 ,14,1,0.97000,1,1.72000,1.97000,51.136016,2.673838,1,10334,1,3.500000,1,254.86,1,4.30,1,0,0.00,-1910.77,0,0
11/07/2018 14:32:03 ,14,1,0.97000,1,1.72000,1.97000,51.136013,2.673798,1,10424,1,3.400000,1,257.44,1,4.39,1,0,0.00,-1910.77,0,0
11/07/2018 14:32:05 ,14,1,1.06000,1,1.78000,2.07000,51.136009,2.673756,1,11001,1,2.300000,1,259.30,1,5.39,1,0,0.00,-1910.77,0,0
11/07/2018 14:32:08 ,14,1,1.06000,1,1.78000,2.07000,51.136001,2.673695,1,43,1,1.700000,1,258.45,1,4.65,1,0,0.00,-1910.77,0,0
11/07/2018 14:32:09 ,20,1,0.97000,1,1.78000,2.02000,51.136001,2.673684,1,311,1,0.900000,1,262.25,1,3.02,1,0,0.00,-1910.77,0,0
11/07/2018 14:32:10 ,20,1,0.93000,1,1.71000,1.95000,51.136001,2.673665,1,1414,1,1.100000,1,260.72,1,5.17,1,0,0.00,-1910.77,0,0
11/07/2018 14:32:12 ,20,1,0.93000,1,1.71000,1.95000,51.135993,2.673626,1,2302,1,-0.100000,1,261.54,1,4.28,1,0,0.00,-1910.77,0,0
11/07/2018 14:32:13 ,20,1,0.93000,1,1.71000,1.95000,51.135993,2.673608,1,3100,1,-0.100000,1,254.82,1,5.04,1,0,0.00,-1910.77,0,0
11/07/2018 14:32:15 ,20,1,0.93000,1,1.71000,1.95000,51.135982,2.673568,1,3130,1,0.300000,1,244.88,1,5.24,1,0,0.00,-1910.77,0,0
11/07/2018 14:32:17 ,20,1,0.93000,1,1.72000,1.95000,51.135971,2.673524,1,3144,1,0.500000,1,247.41,1,7.33,1,0,0.00,-1910.77,0,0
11/07/2018 14:32:19 ,20,1,0.93000,1,1.72000,1.95000,51.135963,2.673484,1,3213,1,-0.200000,1,248.76,1,5.98,1,0,0.00,-1910.77,0,0
11/07/2018 14:32:21 ,20,1,0.93000,1,1.72000,1.95000,51.135951,2.673453,1,3243,1,-0.800000,1,246.38,1,4.22,1,0,0.00,-1910.77,0,0
11/07/2018 14:32:23 ,20,1,0.98000,1,1.72000,1.98000,51.135951,2.673422,1,4031,1,-1.600000,1,258.79,1,4.19,1,0,0.00,-1910.77,0,0
11/07/2018 14:32:25 ,20,1,0.93000,1,1.72000,1.95000,51.135948,2.673396,1,4102,1,-2.200000,1,254.95,1,4.02,1,0,0.00,-1910.77,0,0
11/07/2018 14:32:25 ,20,1,0.93000,1,1.72000,1.95000,51.135948,2.673396,1,10322,1,-2.200000,1,254.95,1,4.02,1,-123,-18.25,-2183.40,15,1
11/07/2018 14:32:26 ,20,1,0.93000,1,1.72000,1.95000,51.135940,2.673382,1,10411,1,-2.100000,1,248.76,1,4.07,1,-123,-18.25,-2183.40,15,0
11/07/2018 14:32:28 ,20,1,0.93000,1,1.72000,1.95000,51.135929,2.673354,1,10432,1,-1.700000,1,240.11,1,4.07,1,-123,-18.25,-2183.40,15,0
11/07/2018 14:32:30 ,20,1,0.93000,1,1.72000,1.95000,51.135917,2.673325,1,11004,1,-1.400000,1,238.49,1,4.22,1,-123,-18.25,-2183.40,15,0
11/07/2018 14:32:32 ,12,1,1.05000,1,1.97000,2.23000,51.135910,2.673295,1,11103,1,-0.800000,1,245.81,1,3.74,1,-123,-18.25,-2183.40,15,0
11/07/2018 14:32:34 ,20,1,0.94000,1,1.83000,2.06000,51.135902,2.673264,1,11110,1,0.400000,1,243.04,1,4.15,1,-123,-18.25,-2183.40,15,0
11/07/2018 14:32:36 ,20,1,0.93000,1,1.72000,1.96000,51.135890,2.673236,1,11124,1,0.300000,1,246.54,1,4.20,1,-123,-18.25,-2183.40,15,0
11/07/2018 14:32:37 ,20,1,0.93000,1,1.72000,1.96000,51.135887,2.673228,1,11201,1,-0.500000,1,241.67,1,3.67,1,-123,-18.25,-2183.40,15,0
11/07/2018 14:32:39 ,20,1,0.93000,1,1.72000,1.96000,51.135879,2.673193,1,142,1,-0.500000,1,252.16,1,5.93,1,-123,-18.25,-2183.40,15,0
11/07/2018 14:32:40 ,20,1,0.93000,1,1.72000,1.96000,51.135875,2.673175,1,323,1,-1.000000,1,249.23,1,4.87,1,-123,-18.25,-2183.40,15,0
11/07/2018 14:32:41 ,20,1,0.97000,1,1.78000,2.03000,51.135871,2.673157,1,1442,1,-1.500000,1,250.18,1,4.89,1,-123,-18.25,-2183.40,15,0
11/07/2018 14:32:43 ,20,1,1.04000,1,2.32000,2.54000,51.135860,2.673122,1,2303,1,-1.700000,1,246.25,1,4.89,1,-123,-18.25,-2183.40,15,0
11/07/2018 14:32:45 ,14,1,0.98000,1,1.73000,1.98000,51.135852,2.673087,1,2332,1,-1.400000,1,248.60,1,3.91,1,-123,-18.25,-2183.40,15,0
11/07/2018 14:32:47 ,20,1,0.98000,1,1.73000,1.98000,51.135845,2.673058,1,2402,1,-1.500000,1,248.63,1,4.11,1,-123,-18.25,-2183.40,15,0
11/07/2018 14:32:49 ,20,1,0.93000,1,1.72000,1.96000,51.135837,2.673019,1,2420,1,-1.200000,1,253.87,1,5.48,1,-123,-18.25,-2183.40,15,0
11/07/2018 14:32:51 ,20,1,0.97000,1,1.79000,2.03000,51.135833,2.672983,1,3002,1,-1.300000,1,261.96,1,4.63,1,-123,-18.25,-2183.40,15,0
11/07/2018 14:32:53 ,20,1,0.97000,1,1.79000,2.03000,51.135833,2.672949,1,3030,1,-0.900000,1,256.23,1,4.20,1,-123,-18.25,-2183.40,15,0
11/07/2018 14:32:55 ,20,1,0.93000,1,1.73000,1.96000,51.135826,2.672912,1,3044,1,-0.200000,1,255.04,1,4.69,1,-123,-18.25,-2183.40,15,0
11/07/2018 14:32:57 ,20,1,0.93000,1,1.73000,1.96000,51.135822,2.672879,1,3121,1,0.200000,1,251.11,1,4.41,1,-123,-18.25,-2183.40,15,0
11/07/2018 14:32:59 ,20,1,0.93000,1,1.73000,1.96000,51.135814,2.672842,1,3143,1,0.800000,1,250.21,1,4.80,1,-123,-18.25,-2183.40,15,0
11/07/2018 14:33:01 ,20,1,0.93000,1,1.73000,1.96000,51.135803,2.672815,1,3203,1,1.100000,1,237.90,1,3.87,1,-123,-18.25,-2183.40,15,0
11/07/2018 14:33:03 ,20,1,0.93000,1,1.73000,1.96000,51.135795,2.672789,1,3301,1,1.500000,1,241.67,1,3.98,1,-123,-18.25,-2183.40,15,0
11/07/2018 14:33:04 ,20,1,0.93000,1,1.73000,1.96000,51.135791,2.672771,1,3324,1,1.800000,1,244.25,1,4.54,1,-123,-18.25,-2183.40,15,0
11/07/2018 14:33:05 ,20,1,0.93000,1,1.73000,1.96000,51.135787,2.672757,1,3431,1,1.800000,1,243.38,1,4.70,1,-123,-18.25,-2183.40,15,0
11/07/2018 14:33:06 ,20,1,0.93000,1,1.73000,1.96000,51.135784,2.672742,1,4024,1,1.900000,1,245.42,1,4.19,1,-123,-18.25,-2183.40,15,0
11/07/2018 14:33:07 ,20,1,0.93000,1,1.73000,1.96000,51.135784,2.672728,1,4321,1,2.200000,1,250.01,1,3.72,1,-123,-18.25,-2183.40,15,0
11/07/2018 14:33:09 ,20,1,0.93000,1,1.73000,1.96000,51.135776,2.672696,1,4344,1,2.500000,1,246.46,1,4.85,1,-123,-18.25,-2183.40,15,0
11/07/2018 14:33:11 ,20,1,1.01000,1,1.85000,2.10000,51.135768,2.672666,1,4430,1,2.700000,1,247.34,1,3.22,1,-123,-18.25,-2183.40,15,0
11/07/2018 14:33:12 ,20,1,0.95000,1,1.85000,2.07000,51.135761,2.672650,1,10212,1,2.900000,1,244.41,1,4.00,1,-123,-18.25,-2183.40,15,0
11/07/2018 14:33:14 ,20,1,0.93000,1,1.73000,1.97000,51.135749,2.672617,1,10232,1,3.000000,1,240.99,1,3.72,1,-123,-18.25,-2183.40,15,0
11/07/2018 14:33:16 ,20,1,0.93000,1,1.73000,1.97000,51.135738,2.672590,1,10304,1,3.300000,1,242.52,1,3.50,1,-123,-18.25,-2183.40,15,0
11/07/2018 14:33:18 ,20,1,0.93000,1,1.73000,1.97000,51.135726,2.672561,1,10332,1,3.900000,1,237.97,1,3.44,1,-123,-18.25,-2183.40,15,0
11/07/2018 14:33:20 ,20,1,0.93000,1,1.73000,1.97000,51.135715,2.672532,1,10410,1,3.700000,1,237.42,1,4.02,1,-123,-18.25,-2183.40,15,0
11/07/2018 14:33:22 ,20,1,0.93000,1,1.73000,1.97000,51.135700,2.672499,1,11200,1,3.200000,1,238.95,1,4.06,1,-123,-18.25,-2183.40,15,0
11/07/2018 14:33:24 ,20,1,0.93000,1,1.74000,1.99000,51.135692,2.672471,1,311,1,3.200000,1,238.61,1,3.41,1,-123,-18.25,-2183.40,15,0
11/07/2018 14:33:25 ,14,1,0.97000,1,1.79000,2.04000,51.135684,2.672456,1,1103,1,2.500000,1,237.13,1,4.13,1,-123,-18.25,-2183.40,15,0
11/07/2018 14:33:26 ,20,1,0.93000,1,1.73000,1.97000,51.135681,2.672444,1,2222,1,2.400000,1,237.19,1,3.54,1,-123,-18.25,-2183.40,15,0
11/07/2018 14:33:28 ,14,1,0.97000,1,1.79000,2.04000,51.135669,2.672414,1,2314,1,2.600000,1,236.70,1,4.04,1,-123,-18.25,-2183.40,15,0
11/07/2018 14:33:30 ,14,1,0.98000,1,1.78000,2.03000,51.135654,2.672377,1,2341,1,3.600000,1,239.05,1,4.37,1,-123,-18.25,-2183.40,15,0
11/07/2018 14:33:32 ,13,1,1.11000,1,1.94000,2.24000,51.135646,2.672342,1,3031,1,3.700000,1,249.33,1,4.43,1,-123,-18.25,-2183.40,15,0
11/07/2018 14:33:34 ,20,1,0.98000,1,1.74000,2.00000,51.135639,2.672311,1,3041,1,3.000000,1,245.72,1,4.17,1,-123,-18.25,-2183.40,15,0
11/07/2018 14:33:36 ,14,1,1.03000,1,2.08000,2.32000,51.135627,2.672289,1,3122,1,3.600000,1,243.51,1,1.76,1,-123,-18.25,-2183.40,15,0
11/07/2018 14:33:38 ,14,1,1.03000,1,2.08000,2.32000,51.135627,2.672304,1,3224,1,1.000000,1,243.51,1,0.33,1,-123,-18.25,-2183.40,15,0
11/07/2018 14:33:40 ,14,1,1.09000,1,2.35000,2.59000,51.135631,2.672290,1,3300,1,0.500000,1,259.00,1,1.04,1,-123,-18.25,-2183.40,15,0
11/07/2018 14:33:42 ,20,1,0.97000,1,1.80000,2.04000,51.135623,2.672266,1,3314,1,-0.500000,1,258.93,1,1.20,1,-123,-18.25,-2183.40,15,0
11/07/2018 14:33:44 ,20,1,0.97000,1,1.80000,2.04000,51.135627,2.672275,1,3342,1,0.100000,1,258.93,1,0.67,1,-123,-18.25,-2183.40,15,0
11/07/2018 14:33:46 ,20,1,0.94000,1,1.74000,1.97000,51.135627,2.672273,1,3413,1,0.000000,1,258.93,1,0.44,1,-123,-18.25,-2183.40,15,0
11/07/2018 14:33:48 ,20,1,0.98000,1,1.78000,2.03000,51.135623,2.672274,1,3303,1,0.700000,1,258.93,1,2.26,1,-127,-14.50,-2045.51,12,1
11/07/2018 14:33:48 ,20,1,0.98000,1,1.78000,2.03000,51.135623,2.672274,1,3303,1,0.700000,1,258.93,1,2.26,1,-127,-14.50,-2045.51,12,0
11/07/2018 14:33:50 ,14,1,1.06000,1,2.45000,2.67000,51.135646,2.672368,1,3322,1,2.500000,1,48.87,1,20.32,1,-127,-14.50,-2045.51,12,0
11/07/2018 14:33:52 ,20,1,1.14000,1,2.57000,2.81000,51.135677,2.672558,1,3400,1,5.800000,1,77.70,1,18.61,1,-127,-14.50,-2045.51,12,0
11/07/2018 14:33:54 ,12,1,1.30000,1,2.49000,2.81000,51.135673,2.672508,1,4013,1,4.000000,1,77.70,1,1.89,1,-127,-14.50,-2045.51,12,0
11/07/2018 14:33:56 ,12,1,1.30000,1,2.49000,2.81000,51.135662,2.672451,1,4034,1,5.600000,1,77.70,1,3.32,1,-127,-14.50,-2045.51,12,0
11/07/2018 14:33:57 ,13,1,1.30000,1,2.49000,2.81000,51.135654,2.672419,1,10024,1,5.600000,1,88.18,1,2.83,1,122,-13.50,-1887.70,12,1
11/07/2018 14:33:57 ,13,1,1.30000,1,2.49000,2.81000,51.135654,2.672419,1,10024,1,5.600000,1,88.18,1,2.83,1,122,-13.50,-1887.70,12,0
11/07/2018 14:33:59 ,13,1,1.09000,1,2.35000,2.60000,51.135639,2.672398,1,10142,1,4.900000,1,88.18,1,3.69,1,122,-13.50,-1887.70,12,0
11/07/2018 14:34:01 ,13,1,1.34000,1,2.36000,2.71000,51.135654,2.672421,1,10123,1,0.300000,1,46.85,1,19.80,1,122,-13.50,-1887.70,12,0
11/07/2018 14:34:02 ,13,1,1.10000,1,1.87000,2.17000,51.135639,2.672393,1,10232,1,-6.900000,1,46.85,1,2.13,1,122,-13.50,-1887.70,12,0
11/07/2018 14:34:03 ,14,1,1.08000,1,2.55000,2.77000,51.135608,2.672312,1,10300,1,-8.600001,1,101.42,1,4.09,1,122,-13.50,-1887.70,12,0
11/07/2018 14:34:04 ,14,1,0.95000,1,1.86000,2.09000,51.135578,2.672241,1,10341,1,-7.700000,1,177.87,1,4.69,1,122,-13.50,-1887.70,12,0
11/07/2018 14:34:05 ,14,1,0.95000,1,1.86000,2.09000,51.135559,2.672200,1,10431,1,-6.200000,1,202.21,1,4.59,1,122,-13.50,-1887.70,12,0
11/07/2018 14:34:06 ,20,1,0.95000,1,1.86000,2.09000,51.135547,2.672174,1,11020,1,-5.200000,1,211.89,1,4.43,1,122,-13.50,-1887.70,12,0
11/07/2018 14:34:06 ,20,1,0.95000,1,1.86000,2.09000,51.135547,2.672174,1,11241,1,-5.200000,1,211.89,1,4.43,1,122,-10.25,-1804.34,12,1
11/07/2018 14:34:08 ,20,1,0.94000,1,1.74000,1.98000,51.135532,2.672137,1,332,1,-3.900000,1,224.45,1,3.13,1,122,-10.25,-1804.34,12,0
11/07/2018 14:34:09 ,20,1,0.94000,1,1.74000,1.98000,51.135524,2.672122,1,2304,1,-3.300000,1,223.86,1,4.02,1,122,-10.25,-1804.34,12,0
11/07/2018 14:34:10 ,20,1,0.94000,1,1.74000,1.98000,51.135517,2.672105,1,2404,1,-2.900000,1,227.57,1,3.93,1,122,-10.25,-1804.34,12,0
11/07/2018 14:34:11 ,14,1,0.97000,1,1.80000,2.05000,51.135513,2.672089,1,3010,1,-2.400000,1,235.40,1,3.78,1,122,-10.25,-1804.34,12,0
11/07/2018 14:34:12 ,14,1,0.97000,1,1.80000,2.05000,51.135505,2.672077,1,3043,1,-2.300000,1,232.89,1,3.76,1,122,-10.25,-1804.34,12,0
11/07/2018 14:34:13 ,14,1,0.97000,1,1.80000,2.05000,51.135498,2.672063,1,3141,1,-2.200000,1,230.27,1,3.80,1,122,-10.25,-1804.34,12,0
11/07/2018 14:34:14 ,14,1,0.97000,1,1.80000,2.05000,51.135494,2.672048,1,3240,1,-2.100000,1,231.37,1,3.83,1,122,-10.25,-1804.34,12,0
11/07/2018 14:34:15 ,20,1,0.94000,1,1.74000,1.98000,51.135486,2.672033,1,3321,1,-2.200000,1,233.87,1,4.00,1,122,-10.25,-1804.34,12,0
11/07/2018 14:34:16 ,20,1,0.94000,1,1.74000,1.98000,51.135478,2.672018,1,4,1,-2.200000,1,234.96,1,3.89,1,122,-13.00,-1793.85,12,1
11/07/2018 14:34:17 ,20,1,0.94000,1,1.75000,1.98000,51.135475,2.672002,1,2112,1,-2.300000,1,238.05,1,4.37,1,122,-13.00,-1793.85,12,0
11/07/2018 14:34:18 ,20,1,0.97000,1,1.80000,2.05000,51.135467,2.671988,1,2314,1,-2.500000,1,234.90,1,4.28,1,122,-13.00,-1793.85,12,0
11/07/2018 14:34:19 ,20,1,0.94000,1,1.75000,1.98000,51.135463,2.671974,1,2404,1,-2.500000,1,231.73,1,4.19,1,122,-13.00,-1793.85,12,0
11/07/2018 14:34:20 ,20,1,0.94000,1,1.75000,1.98000,51.135456,2.671960,1,2443,1,-2.600000,1,230.22,1,4.39,1,122,-13.00,-1793.85,12,0
11/07/2018 14:34:21 ,20,1,0.94000,1,1.75000,1.98000,51.135448,2.671945,1,3040,1,-2.600000,1,234.83,1,4.57,1,122,-13.00,-1793.85,12,0
11/07/2018 14:34:22 ,20,1,0.94000,1,1.75000,1.98000,51.135440,2.671930,1,3241,1,-2.700000,1,231.86,1,4.57,1,122,-13.00,-1793.85,12,0
11/07/2018 14:34:23 ,20,1,0.94000,1,1.75000,1.98000,51.135437,2.671915,1,3334,1,-2.800000,1,231.20,1,4.52,1,122,-13.00,-1793.85,12,0
11/07/2018 14:34:24 ,20,1,0.94000,1,1.75000,1.98000,51.135429,2.671899,1,3414,1,-2.900000,1,233.03,1,4.80,1,122,-13.00,-1793.85,12,0
11/07/2018 14:34:25 ,20,1,0.94000,1,1.75000,1.98000,51.135421,2.671883,1,4010,1,-2.900000,1,233.27,1,4.85,1,122,-13.00,-1793.85,12,0
11/07/2018 14:34:26 ,14,1,0.98000,1,1.81000,2.05000,51.135414,2.671867,1,4113,1,-2.900000,1,232.55,1,4.65,1,122,-13.00,-1793.85,12,0
11/07/2018 14:34:27 ,20,1,0.94000,1,1.75000,1.98000,51.135406,2.671851,1,4200,1,-2.800000,1,234.87,1,4.82,1,122,-13.00,-1793.85,12,0
11/07/2018 14:34:28 ,20,1,0.94000,1,1.75000,1.98000,51.135402,2.671835,1,4241,1,-2.800000,1,234.72,1,4.69,1,122,-13.00,-1793.85,12,0
11/07/2018 14:34:29 ,20,1,0.94000,1,1.75000,1.98000,51.135395,2.671818,1,4332,1,-2.600000,1,238.14,1,4.91,1,122,-13.00,-1793.85,12,0
11/07/2018 14:34:30 ,20,1,0.94000,1,1.75000,1.98000,51.135391,2.671801,1,4433,1,-2.500000,1,238.81,1,4.85,1,122,-13.00,-1793.85,12,0
11/07/2018 14:34:31 ,20,1,0.94000,1,1.75000,1.98000,51.135387,2.671786,1,10014,1,-2.400000,1,240.27,1,3.94,1,122,-13.00,-1793.85,12,0
11/07/2018 14:34:32 ,20,1,0.94000,1,1.75000,1.98000,51.135383,2.671774,1,10114,1,-2.500000,1,240.99,1,3.24,1,122,-13.00,-1793.85,12,0
11/07/2018 14:34:33 ,20,1,0.94000,1,1.75000,1.98000,51.135379,2.671760,1,10213,1,-2.400000,1,243.00,1,3.70,1,122,-13.00,-1793.85,12,0
11/07/2018 14:34:34 ,20,1,0.94000,1,1.75000,1.99000,51.135372,2.671748,1,10310,1,-2.700000,1,233.17,1,4.09,1,122,-13.00,-1793.85,12,0
11/07/2018 14:34:35 ,20,1,0.94000,1,1.75000,1.99000,51.135364,2.671734,1,10403,1,-2.700000,1,233.90,1,4.37,1,122,-13.00,-1793.85,12,0
11/07/2018 14:34:36 ,20,1,0.94000,1,1.75000,1.99000,51.135360,2.671714,1,10442,1,-2.800000,1,246.02,1,5.13,1,122,-13.00,-1793.85,12,0
11/07/2018 14:34:37 ,20,1,0.98000,1,1.81000,2.05000,51.135356,2.671699,1,11100,1,-2.400000,1,250.44,1,4.67,1,122,-13.00,-1793.85,12,0
11/07/2018 14:34:38 ,20,1,0.94000,1,1.75000,1.99000,51.135353,2.671682,1,11132,1,-2.300000,1,250.29,1,4.44,1,122,-13.00,-1793.85,12,0
11/07/2018 14:34:40 ,20,1,0.94000,1,1.75000,1.99000,51.135345,2.671650,1,100,1,-2.400000,1,249.67,1,4.43,1,122,-13.00,-1793.85,12,0
11/07/2018 14:34:41 ,14,1,0.98000,1,1.81000,2.06000,51.135341,2.671634,1,1203,1,-2.200000,1,249.97,1,4.50,1,122,-13.00,-1793.85,12,0
11/07/2018 14:34:42 ,14,1,0.98000,1,1.81000,2.06000,51.135337,2.671618,1,2234,1,-2.300000,1,250.26,1,4.54,1,122,-13.00,-1793.85,12,0
11/07/2018 14:34:43 ,14,1,0.98000,1,1.81000,2.06000,51.135334,2.671600,1,2332,1,-2.400000,1,253.38,1,4.56,1,122,-13.00,-1793.85,12,0
11/07/2018 14:34:43 ,14,1,0.98000,1,1.81000,2.06000,51.135334,2.671600,1,4313,1,-2.400000,1,253.38,1,4.56,1,123,-10.00,-1666.97,12,1
11/07/2018 14:34:44 ,20,1,0.94000,1,1.75000,1.99000,51.135330,2.671585,1,4402,1,-2.400000,1,250.95,1,4.11,1,123,-10.00,-1666.97,12,0
11/07/2018 14:34:45 ,20,1,0.94000,1,1.75000,1.99000,51.135326,2.671570,1,4443,1,-2.400000,1,249.60,1,4.15,1,123,-10.00,-1666.97,12,0
11/07/2018 14:34:46 ,20,1,0.94000,1,1.75000,1.99000,51.135322,2.671555,1,10041,1,-2.500000,1,243.89,1,4.28,1,123,-10.00,-1666.97,12,0
11/07/2018 14:34:47 ,20,1,0.94000,1,1.75000,1.99000,51.135314,2.671541,1,10140,1,-2.500000,1,237.10,1,4.02,1,123,-10.00,-1666.97,12,0
11/07/2018 14:34:48 ,20,1,0.94000,1,1.75000,1.99000,51.135307,2.671527,1,10224,1,-2.400000,1,235.66,1,4.06,1,123,-10.00,-1666.97,12,0
11/07/2018 14:34:49 ,20,1,0.94000,1,1.75000,1.99000,51.135303,2.671513,1,10320,1,-2.200000,1,238.52,1,4.07,1,123,-10.00,-1666.97,12,0
11/07/2018 14:34:50 ,14,1,0.98000,1,1.81000,2.06000,51.135295,2.671497,1,10412,1,-2.200000,1,237.36,1,4.78,1,123,-10.00,-1666.97,12,0
11/07/2018 14:34:51 ,14,1,0.98000,1,1.81000,2.06000,51.135288,2.671479,1,11004,1,-2.400000,1,240.12,1,4.91,1,123,-10.00,-1666.97,12,0
11/07/2018 14:34:52 ,20,1,0.94000,1,1.75000,1.99000,51.135284,2.671461,1,11043,1,-2.500000,1,239.66,1,4.76,1,123,-10.00,-1666.97,12,0
11/07/2018 14:34:53 ,20,1,0.94000,1,1.75000,1.99000,51.135276,2.671442,1,11140,1,-2.400000,1,243.75,1,5.09,1,123,-10.00,-1666.97,12,0
11/07/2018 14:34:55 ,20,1,0.94000,1,1.75000,1.99000,51.135269,2.671404,1,221,1,-2.400000,1,245.01,1,5.19,1,123,-10.00,-1666.97,12,0
11/07/2018 14:34:56 ,20,1,0.98000,1,1.81000,2.06000,51.135261,2.671386,1,1320,1,-2.200000,1,241.31,1,5.19,1,123,-10.00,-1666.97,12,0
11/07/2018 14:34:57 ,14,1,0.98000,1,1.81000,2.06000,51.135257,2.671367,1,2310,1,-2.100000,1,244.64,1,5.43,1,123,-10.00,-1666.97,12,0
11/07/2018 14:34:58 ,14,1,0.98000,1,1.81000,2.06000,51.135250,2.671347,1,2402,1,-2.100000,1,245.74,1,5.41,1,123,-10.00,-1666.97,12,0
11/07/2018 14:34:59 ,20,1,0.98000,1,1.81000,2.06000,51.135246,2.671326,1,2440,1,-2.200000,1,246.35,1,5.61,1,123,-10.00,-1666.97,12,0
11/07/2018 14:35:00 ,20,1,0.94000,1,1.76000,1.99000,51.135238,2.671306,1,3030,1,-2.200000,1,249.29,1,4.80,1,123,-10.00,-1666.97,12,0
11/07/2018 14:35:01 ,20,1,0.94000,1,1.76000,1.99000,51.135234,2.671290,1,3104,1,-2.200000,1,248.67,1,4.17,1,123,-10.00,-1666.97,12,0
11/07/2018 14:35:02 ,20,1,0.94000,1,1.76000,1.99000,51.135231,2.671274,1,3212,1,-2.100000,1,247.63,1,4.32,1,123,-10.00,-1666.97,12,0
11/07/2018 14:35:03 ,20,1,0.94000,1,1.76000,1.99000,51.135227,2.671259,1,3312,1,-1.900000,1,247.83,1,4.37,1,123,-10.00,-1666.97,12,0
11/07/2018 14:35:04 ,20,1,0.94000,1,1.76000,1.99000,51.135223,2.671244,1,3401,1,-1.700000,1,248.08,1,4.30,1,123,-10.00,-1666.97,12,0
11/07/2018 14:35:05 ,20,1,1.06000,1,2.36000,2.58000,51.135219,2.671229,1,4001,1,-1.700000,1,246.47,1,4.24,1,123,-10.00,-1666.97,12,0
11/07/2018 14:35:06 ,20,1,0.94000,1,1.76000,1.99000,51.135215,2.671214,1,4142,1,-1.700000,1,247.47,1,4.32,1,123,-10.00,-1666.97,12,0
11/07/2018 14:35:07 ,20,1,0.94000,1,1.76000,1.99000,51.135211,2.671200,1,4240,1,-1.600000,1,243.58,1,4.11,1,123,-10.00,-1666.97,12,0
11/07/2018 14:35:08 ,20,1,1.06000,1,2.36000,2.58000,51.135204,2.671187,1,4333,1,-1.500000,1,238.29,1,4.13,1,123,-10.00,-1666.97,12,0
11/07/2018 14:35:09 ,20,1,0.94000,1,1.76000,1.99000,51.135200,2.671175,1,4430,1,-1.400000,1,234.90,1,4.20,1,123,-10.00,-1666.97,12,0
11/07/2018 14:35:10 ,20,1,0.95000,1,1.88000,2.11000,51.135192,2.671163,1,10021,1,-1.300000,1,230.51,1,4.04,1,123,-10.00,-1666.97,12,0
11/07/2018 14:35:11 ,20,1,1.10000,1,2.37000,2.61000,51.135185,2.671151,1,10114,1,-1.100000,1,228.17,1,3.93,1,123,-10.00,-1666.97,12,0
11/07/2018 14:35:12 ,20,1,1.06000,1,2.36000,2.58000,51.135181,2.671139,1,10210,1,-1.000000,1,233.82,1,3.91,1,123,-10.00,-1666.97,12,0
11/07/2018 14:35:13 ,20,1,1.06000,1,2.36000,2.58000,51.135173,2.671128,1,10301,1,-0.900000,1,234.00,1,3.82,1,123,-10.00,-1666.97,12,0
11/07/2018 14:35:14 ,20,1,1.06000,1,2.36000,2.58000,51.135169,2.671117,1,10343,1,-0.700000,1,229.15,1,3.91,1,123,-10.00,-1666.97,12,0
11/07/2018 14:35:15 ,20,1,0.94000,1,1.76000,1.99000,51.135162,2.671106,1,10431,1,-0.700000,1,228.84,1,3.89,1,123,-10.00,-1666.97,12,0
11/07/2018 14:35:16 ,20,1,0.94000,1,1.76000,1.99000,51.135154,2.671094,1,11033,1,-0.600000,1,231.20,1,3.74,1,123,-10.00,-1666.97,12,0
11/07/2018 14:35:17 ,20,1,0.94000,1,1.76000,1.99000,51.135150,2.671080,1,11124,1,-0.600000,1,241.46,1,3.82,1,123,-10.00,-1666.97,12,0
11/07/2018 14:35:18 ,20,1,0.99000,1,1.80000,2.05000,51.135147,2.671065,1,12003,1,-0.700000,1,241.46,1,3.82,1,123,-10.00,-1666.97,12,0
11/07/2018 14:35:20 ,14,1,1.06000,1,2.36000,2.59000,51.135135,2.671040,1,1043,1,-0.700000,1,238.44,1,3.98,1,123,-10.00,-1666.97,12,0
11/07/2018 14:35:21 ,20,1,0.94000,1,1.76000,2.00000,51.135131,2.671026,1,2233,1,-0.600000,1,239.49,1,4.07,1,123,-10.00,-1666.97,12,0
11/07/2018 14:35:22 ,20,1,0.94000,1,1.76000,2.00000,51.135128,2.671011,1,2322,1,-0.300000,1,241.95,1,3.93,1,123,-10.00,-1666.97,12,0
11/07/2018 14:35:23 ,20,1,0.95000,1,1.88000,2.11000,51.135120,2.670997,1,2421,1,-0.200000,1,242.06,1,4.07,1,123,-10.00,-1666.97,12,0
11/07/2018 14:35:24 ,14,1,0.98000,1,1.82000,2.06000,51.135116,2.670983,1,3013,1,-0.200000,1,242.44,1,4.13,1,123,-10.00,-1666.97,12,0
11/07/2018 14:35:25 ,14,1,0.98000,1,1.82000,2.06000,51.135112,2.670969,1,3313,1,-0.300000,1,243.29,1,4.26,1,123,-10.00,-1666.97,12,0
11/07/2018 14:35:27 ,14,1,0.98000,1,1.82000,2.06000,51.135101,2.670941,1,3343,1,-0.600000,1,237.89,1,4.20,1,123,-10.00,-1666.97,12,0
11/07/2018 14:35:29 ,14,1,0.98000,1,1.82000,2.06000,51.135089,2.670915,1,3413,1,-0.900000,1,240.52,1,4.15,1,123,-10.00,-1666.97,12,0
11/07/2018 14:35:30 ,14,1,0.98000,1,1.82000,2.06000,51.135082,2.670901,1,4201,1,-1.000000,1,241.21,1,4.13,1,123,-10.00,-1666.97,12,0
11/07/2018 14:35:32 ,14,1,0.98000,1,1.82000,2.06000,51.135074,2.670876,1,4232,1,-1.100000,1,242.78,1,3.96,1,123,-10.00,-1666.97,12,0
11/07/2018 14:35:34 ,20,1,0.94000,1,1.76000,2.00000,51.135066,2.670863,1,4300,1,-1.100000,1,236.12,1,0.65,1,123,-10.00,-1666.97,12,0
11/07/2018 14:35:36 ,20,1,0.94000,1,1.76000,2.00000,51.135066,2.670865,1,4343,1,-1.300000,1,236.12,1,0.04,1,123,-10.00,-1666.97,12,0
11/07/2018 14:35:38 ,20,1,0.94000,1,1.76000,2.00000,51.135066,2.670867,1,4422,1,-1.400000,1,236.12,1,0.04,1,123,-10.00,-1666.97,12,0
11/07/2018 14:35:40 ,20,1,0.94000,1,1.76000,2.00000,51.135066,2.670869,1,10321,1,-1.400000,1,236.12,1,0.02,1,123,-10.00,-1666.97,12,0
11/07/2018 14:35:42 ,20,1,0.94000,1,1.76000,2.00000,51.135063,2.670862,1,10321,1,-1.600000,1,225.87,1,1.98,1,123,-10.00,-1666.97,12,0
11/07/2018 14:35:44 ,20,1,0.94000,1,1.76000,2.00000,51.135055,2.670845,1,10342,1,-1.700000,1,252.82,1,2.57,1,123,-10.00,-1666.97,12,0
11/07/2018 14:35:46 ,13,1,1.06000,1,1.85000,2.13000,51.135055,2.670843,1,11001,1,-2.300000,1,247.80,1,1.57,1,123,-10.00,-1666.97,12,0
11/07/2018 14:35:48 ,13,1,1.06000,1,1.85000,2.13000,51.135051,2.670838,1,11102,1,-2.300000,1,218.88,1,0.52,1,123,-10.00,-1666.97,12,0
11/07/2018 14:35:50 ,13,1,1.06000,1,1.85000,2.14000,51.135047,2.670836,1,11122,1,-2.400000,1,218.88,1,0.06,1,123,-10.00,-1666.97,12,0
11/07/2018 14:35:52 ,13,1,1.06000,1,1.85000,2.14000,51.135047,2.670836,1,11142,1,-2.300000,1,218.88,1,0.04,1,123,-10.00,-1666.97,12,0
11/07/2018 14:35:54 ,13,1,1.06000,1,1.85000,2.14000,51.135047,2.670836,1,11222,1,-2.100000,1,218.88,1,0.04,1,123,-10.00,-1666.97,12,0
11/07/2018 14:35:56 ,13,1,1.06000,1,1.85000,2.14000,51.135047,2.670836,1,110,1,-2.100000,1,218.88,1,0.02,1,123,-10.00,-1666.97,12,0
11/07/2018 14:35:57 ,13,1,1.06000,1,1.85000,2.14000,51.135044,2.670836,1,302,1,-2.200000,1,218.88,1,0.06,1,123,-10.00,-1948.52,12,0
11/07/2018 14:35:57 ,13,1,1.06000,1,1.85000,2.14000,51.135044,2.670836,1,302,1,-2.200000,1,218.88,1,0.06,1,123,-13.50,-1948.52,12,1
11/07/2018 14:35:58 ,13,1,1.06000,1,1.85000,2.14000,51.135044,2.670837,1,2223,1,-2.200000,1,218.88,1,0.04,1,123,-13.50,-1948.52,12,0
11/07/2018 14:36:00 ,20,1,0.94000,1,1.77000,2.00000,51.135044,2.670836,1,2232,1,-2.300000,1,218.88,1,0.44,1,123,-13.50,-1948.52,12,0
11/07/2018 14:36:02 ,20,1,0.94000,1,1.77000,2.00000,51.135047,2.670833,1,2302,1,-2.000000,1,218.88,1,0.11,1,123,-13.50,-1948.52,12,0
11/07/2018 14:36:04 ,20,1,0.94000,1,1.77000,2.01000,51.135051,2.670832,1,2331,1,-1.700000,1,218.88,1,0.50,1,123,-13.50,-1948.52,12,0
11/07/2018 14:36:06 ,20,1,1.07000,1,1.86000,2.14000,51.135047,2.670825,1,2413,1,-1.900000,1,220.11,1,1.94,1,123,-13.50,-1948.52,12,0
11/07/2018 14:36:08 ,20,1,0.94000,1,1.77000,2.01000,51.135036,2.670812,1,2403,1,-1.800000,1,221.97,1,3.13,1,123,-13.50,-1948.52,12,0
11/07/2018 14:36:10 ,20,1,0.94000,1,1.77000,2.01000,51.135028,2.670791,1,2430,1,-1.500000,1,239.56,1,3.04,1,123,-13.50,-1948.52,12,0
11/07/2018 14:36:12 ,20,1,0.94000,1,1.77000,2.01000,51.135025,2.670765,1,3001,1,-1.700000,1,250.91,1,3.17,1,123,-13.50,-1948.52,12,0
11/07/2018 14:36:14 ,20,1,0.94000,1,1.77000,2.01000,51.135017,2.670740,1,3024,1,-1.800000,1,237.60,1,3.26,1,123,-13.50,-1948.52,12,0
11/07/2018 14:36:16 ,20,1,0.94000,1,1.77000,2.01000,51.135005,2.670719,1,3101,1,-2.000000,1,236.54,1,3.46,1,123,-13.50,-1948.52,12,0
11/07/2018 14:36:18 ,20,1,0.94000,1,1.77000,2.01000,51.134998,2.670699,1,3123,1,-2.300000,1,232.82,1,2.93,1,123,-13.50,-1948.52,12,0
11/07/2018 14:36:20 ,20,1,0.94000,1,1.77000,2.01000,51.134986,2.670677,1,3201,1,-2.400000,1,239.64,1,3.44,1,123,-13.50,-1948.52,12,0
11/07/2018 14:36:21 ,14,1,0.96000,1,1.90000,2.13000,51.134986,2.670663,1,3243,1,-2.600000,1,250.28,1,3.46,1,123,-13.50,-1948.52,12,0
11/07/2018 14:36:22 ,20,1,0.95000,1,1.77000,2.01000,51.134983,2.670646,1,3322,1,-2.600000,1,259.93,1,4.07,1,123,-13.50,-1948.52,12,0
11/07/2018 14:36:23 ,20,1,0.95000,1,1.77000,2.01000,51.134983,2.670629,1,3420,1,-2.700000,1,263.59,1,4.09,1,123,-13.50,-1948.52,12,0
11/07/2018 14:36:24 ,20,1,0.95000,1,1.77000,2.01000,51.134983,2.670611,1,4014,1,-2.600000,1,265.41,1,4.22,1,123,-13.50,-1948.52,12,0
11/07/2018 14:36:25 ,20,1,0.95000,1,1.77000,2.01000,51.134979,2.670593,1,4102,1,-2.600000,1,260.16,1,4.39,1,123,-13.50,-1948.52,12,0
11/07/2018 14:36:26 ,20,1,0.95000,1,1.77000,2.01000,51.134975,2.670575,1,4201,1,-2.600000,1,253.64,1,4.46,1,123,-13.50,-1948.52,12,0
11/07/2018 14:36:27 ,20,1,0.95000,1,1.77000,2.01000,51.134967,2.670559,1,4242,1,-2.500000,1,245.27,1,4.09,1,123,-13.50,-1948.52,12,0
11/07/2018 14:36:28 ,20,1,0.95000,1,1.77000,2.01000,51.134963,2.670544,1,4341,1,-2.400000,1,243.72,1,4.37,1,123,-13.50,-1948.52,12,0
11/07/2018 14:36:29 ,20,1,0.95000,1,1.77000,2.01000,51.134960,2.670530,1,4432,1,-2.300000,1,238.98,1,4.13,1,123,-13.50,-1948.52,12,0
11/07/2018 14:36:30 ,14,1,1.06000,1,2.37000,2.60000,51.134952,2.670517,1,10032,1,-2.200000,1,237.48,1,4.15,1,123,-13.50,-1948.52,12,0
11/07/2018 14:36:31 ,14,1,1.06000,1,2.37000,2.60000,51.134948,2.670503,1,10112,1,-2.000000,1,239.33,1,4.44,1,123,-13.50,-1948.52,12,0
11/07/2018 14:36:32 ,14,1,1.06000,1,2.37000,2.60000,51.134941,2.670490,1,10220,1,-1.900000,1,236.45,1,4.11,1,123,-13.50,-1948.52,12,0
11/07/2018 14:36:33 ,20,1,0.95000,1,1.77000,2.01000,51.134933,2.670477,1,10302,1,-1.900000,1,235.60,1,3.94,1,123,-13.50,-1948.52,12,0
11/07/2018 14:36:34 ,20,1,0.95000,1,1.77000,2.01000,51.134929,2.670464,1,10341,1,-1.900000,1,234.99,1,4.04,1,123,-13.50,-1948.52,12,0
11/07/2018 14:36:35 ,20,1,0.95000,1,1.78000,2.01000,51.134922,2.670452,1,10434,1,-1.800000,1,234.44,1,3.93,1,123,-13.50,-1948.52,12,0
11/07/2018 14:36:36 ,20,1,0.95000,1,1.78000,2.01000,51.134918,2.670440,1,11033,1,-1.800000,1,233.90,1,3.74,1,123,-13.50,-1948.52,12,0
11/07/2018 14:36:37 ,20,1,0.95000,1,1.78000,2.01000,51.134914,2.670428,1,11122,1,-1.700000,1,233.86,1,3.54,1,123,-13.50,-1948.52,12,0
11/07/2018 14:36:39 ,20,1,0.95000,1,1.83000,2.08000,51.134902,2.670404,1,232,1,-1.700000,1,233.33,1,3.67,1,123,-13.50,-1948.52,12,0
11/07/2018 14:36:40 ,20,1,1.11000,1,2.38000,2.63000,51.134899,2.670392,1,1243,1,-1.600000,1,238.43,1,3.52,1,123,-13.50,-1948.52,12,0
11/07/2018 14:36:41 ,20,1,0.95000,1,1.78000,2.01000,51.134895,2.670380,1,2221,1,-1.400000,1,239.78,1,3.26,1,123,-13.50,-1948.52,12,0
11/07/2018 14:36:43 ,20,1,0.95000,1,1.78000,2.01000,51.134887,2.670355,1,2244,1,-1.100000,1,252.98,1,3.39,1,123,-13.50,-1948.52,12,0
11/07/2018 14:36:44 ,20,1,0.95000,1,1.78000,2.01000,51.134887,2.670340,1,3033,1,-1.000000,1,256.11,1,3.70,1,123,-13.50,-1948.52,12,0
11/07/2018 14:36:46 ,20,1,0.95000,1,1.78000,2.01000,51.134880,2.670308,1,3120,1,-0.700000,1,253.96,1,3.44,1,123,-13.50,-1948.52,12,0
11/07/2018 14:36:48 ,14,1,1.06000,1,2.37000,2.60000,51.134872,2.670277,1,3142,1,-0.400000,1,250.13,1,4.11,1,123,-13.50,-1948.52,12,0
11/07/2018 14:36:50 ,20,1,0.95000,1,1.78000,2.01000,51.134864,2.670246,1,3210,1,-0.200000,1,242.92,1,4.35,1,123,-13.50,-1948.52,12,0
11/07/2018 14:36:52 ,20,1,0.95000,1,1.78000,2.01000,51.134853,2.670216,1,3234,1,0.100000,1,240.93,1,3.96,1,123,-13.50,-1948.52,12,0
11/07/2018 14:36:54 ,20,1,0.95000,1,1.78000,2.02000,51.134841,2.670190,1,4024,1,-0.100000,1,233.14,1,4.04,1,123,-13.50,-1948.52,12,0
11/07/2018 14:36:56 ,20,1,0.95000,1,1.78000,2.02000,51.134826,2.670167,1,4100,1,-0.600000,1,228.67,1,3.50,1,123,-13.50,-1948.52,12,0
11/07/2018 14:36:58 ,20,1,0.98000,1,1.83000,2.08000,51.134815,2.670150,1,4124,1,-0.900000,1,226.28,1,2.96,1,123,-13.50,-1948.52,12,0
11/07/2018 14:37:00 ,20,1,0.95000,1,1.78000,2.02000,51.134807,2.670129,1,4200,1,-1.000000,1,242.17,1,3.17,1,123,-13.50,-1948.52,12,0
11/07/2018 14:37:02 ,20,1,0.95000,1,1.78000,2.02000,51.134799,2.670103,1,4222,1,-0.900000,1,243.08,1,3.69,1,123,-13.50,-1948.52,12,0
11/07/2018 14:37:04 ,20,1,0.95000,1,1.78000,2.02000,51.134788,2.670078,1,4300,1,-1.000000,1,237.50,1,4.11,1,123,-13.50,-1948.52,12,0
11/07/2018 14:37:06 ,14,1,1.01000,1,2.06000,2.29000,51.134780,2.670050,1,4332,1,-0.900000,1,241.15,1,4.06,1,123,-13.50,-1948.52,12,0
11/07/2018 14:37:08 ,14,1,0.96000,1,1.91000,2.14000,51.134765,2.670028,1,4402,1,-1.100000,1,225.56,1,3.44,1,123,-13.50,-1948.52,12,0
11/07/2018 14:37:10 ,20,1,0.96000,1,1.91000,2.14000,51.134757,2.670022,1,4430,1,-0.800000,1,242.50,1,1.22,1,123,-13.50,-1948.52,12,0
11/07/2018 14:37:12 ,14,1,1.04000,1,1.84000,2.11000,51.134757,2.670016,1,10032,1,-0.900000,1,242.50,1,1.44,1,123,-13.50,-1948.52,12,0
11/07/2018 14:37:14 ,14,1,1.04000,1,1.84000,2.11000,51.134754,2.670011,1,10023,1,-0.900000,1,262.27,1,1.67,1,123,-13.50,-1948.52,12,0
11/07/2018 14:37:16 ,20,1,0.95000,1,1.78000,2.02000,51.134750,2.670013,1,10111,1,-1.200000,1,170.48,1,1.24,1,123,-13.50,-1948.52,12,0
11/07/2018 14:37:18 ,20,1,0.95000,1,1.78000,2.02000,51.134750,2.670014,1,10140,1,-1.500000,1,170.48,1,0.30,1,123,-13.50,-1948.52,12,0
11/07/2018 14:37:19 ,20,1,0.95000,1,1.78000,2.02000,51.134746,2.670014,1,11330,1,-1.500000,1,170.48,1,0.07,1,-124,-18.50,-1971.59,12,1
11/07/2018 14:37:19 ,20,1,0.95000,1,1.78000,2.02000,51.134746,2.670014,1,11330,1,-1.500000,1,170.48,1,0.07,1,-124,-18.50,-1971.59,12,0
11/07/2018 14:37:21 ,20,1,0.95000,1,1.78000,2.02000,51.134750,2.670019,1,1142,1,-1.500000,1,144.42,1,0.94,1,-124,-18.50,-1971.59,12,0
11/07/2018 14:37:23 ,14,1,1.12000,1,1.99000,2.28000,51.134735,2.670025,1,2240,1,-1.300000,1,180.76,1,3.30,1,-124,-18.50,-1971.59,12,0
11/07/2018 14:37:25 ,14,1,1.01000,1,2.07000,2.30000,51.134716,2.670013,1,2310,1,-1.400000,1,207.28,1,3.89,1,-124,-18.50,-1971.59,12,0
11/07/2018 14:37:27 ,14,1,0.96000,1,1.92000,2.14000,51.134704,2.669983,1,2331,1,-1.100000,1,231.77,1,4.48,1,-124,-18.50,-1971.59,12,0
11/07/2018 14:37:29 ,20,1,0.95000,1,1.78000,2.02000,51.134708,2.669962,1,41,1,-1.600000,1,273.39,1,3.11,1,123,-12.75,-1887.17,12,1
11/07/2018 14:37:29 ,20,1,0.95000,1,1.78000,2.02000,51.134708,2.669962,1,41,1,-1.600000,1,273.39,1,3.11,1,123,-12.75,-1887.17,12,0
11/07/2018 14:37:31 ,20,1,0.96000,1,1.92000,2.14000,51.134704,2.669934,1,2214,1,-2.300000,1,252.45,1,3.28,1,123,-12.75,-1887.17,12,0
11/07/2018 14:37:33 ,14,1,0.96000,1,2.04000,2.26000,51.134689,2.669903,1,2302,1,-2.300000,1,237.78,1,4.50,1,123,-12.75,-1887.17,12,0
11/07/2018 14:37:35 ,14,1,0.96000,1,1.92000,2.14000,51.134677,2.669874,1,2400,1,-2.300000,1,236.52,1,4.28,1,123,-12.75,-1887.17,12,0
11/07/2018 14:37:36 ,14,1,0.96000,1,1.92000,2.14000,51.134670,2.669861,1,2440,1,-2.300000,1,234.14,1,4.28,1,123,-12.75,-1887.17,12,0
11/07/2018 14:37:37 ,14,1,0.96000,1,1.92000,2.14000,51.134662,2.669848,1,3030,1,-2.400000,1,232.89,1,4.19,1,123,-12.75,-1887.17,12,0
11/07/2018 14:37:38 ,14,1,0.96000,1,1.92000,2.15000,51.134654,2.669833,1,3121,1,-2.400000,1,235.55,1,4.46,1,123,-12.75,-1887.17,12,0
11/07/2018 14:37:39 ,20,1,0.96000,1,1.92000,2.15000,51.134651,2.669819,1,3214,1,-2.400000,1,237.14,1,4.28,1,123,-12.75,-1887.17,12,0
11/07/2018 14:37:40 ,20,1,0.96000,1,1.92000,2.15000,51.134643,2.669806,1,3310,1,-2.400000,1,238.73,1,4.19,1,123,-12.75,-1887.17,12,0
11/07/2018 14:37:41 ,14,1,0.96000,1,1.92000,2.15000,51.134635,2.669795,1,3401,1,-2.300000,1,226.77,1,3.65,1,123,-12.75,-1887.17,12,0
11/07/2018 14:37:42 ,20,1,0.95000,1,1.79000,2.02000,51.134635,2.669794,1,3433,1,-2.600000,1,230.75,1,0.94,1,123,-12.75,-1887.17,12,0
11/07/2018 14:37:43 ,20,1,0.95000,1,1.79000,2.02000,51.134639,2.669789,1,4041,1,-2.700000,1,270.53,1,1.93,1,123,-12.75,-1887.17,12,0
11/07/2018 14:37:44 ,20,1,0.95000,1,1.79000,2.02000,51.134639,2.669791,1,4210,1,-2.900000,1,270.53,1,0.43,1,123,-12.75,-1887.17,12,0
11/07/2018 14:37:45 ,20,1,0.95000,1,1.79000,2.02000,51.134639,2.669795,1,4302,1,-2.800000,1,270.53,1,0.43,1,123,-12.75,-1887.17,12,0
11/07/2018 14:37:46 ,14,1,1.00000,1,1.83000,2.09000,51.134639,2.669798,1,4403,1,-2.800000,1,270.53,1,0.59,1,123,-12.75,-1887.17,12,0
11/07/2018 14:37:47 ,14,1,1.00000,1,1.83000,2.09000,51.134639,2.669801,1,3131,1,-2.700000,1,270.53,1,0.13,1,123,-12.50,-1858.86,12,1
11/07/2018 14:37:48 ,14,1,1.00000,1,1.83000,2.09000,51.134639,2.669803,1,3221,1,-2.500000,1,270.53,1,0.11,1,123,-12.50,-1858.86,12,0
11/07/2018 14:37:49 ,20,1,1.00000,1,1.83000,2.09000,51.134643,2.669806,1,3304,1,-2.700000,1,270.53,1,1.57,1,123,-12.50,-1858.86,12,0
11/07/2018 14:37:50 ,20,1,0.95000,1,1.79000,2.03000,51.134643,2.669810,1,4003,1,-3.300000,1,270.53,1,0.19,1,123,-12.50,-1858.86,12,0
11/07/2018 14:37:51 ,20,1,0.95000,1,1.79000,2.03000,51.134643,2.669809,1,4102,1,-3.400000,1,270.53,1,0.22,1,123,-12.50,-1858.86,12,0
11/07/2018 14:37:52 ,20,1,0.95000,1,1.79000,2.03000,51.134643,2.669806,1,4142,1,-3.500000,1,270.53,1,0.39,1,123,-12.50,-1858.86,12,0
11/07/2018 14:37:53 ,14,1,1.04000,1,1.85000,2.12000,51.134643,2.669805,1,4244,1,-3.800000,1,270.53,1,0.09,1,123,-12.50,-1858.86,12,0
11/07/2018 14:37:54 ,14,1,1.04000,1,1.85000,2.12000,51.134643,2.669806,1,4343,1,-3.600000,1,270.53,1,0.57,1,123,-12.50,-1858.86,12,0
11/07/2018 14:37:55 ,14,1,2.26000,1,3.42000,4.10000,51.134643,2.669804,1,4432,1,-3.300000,1,270.53,1,0.93,1,123,-12.50,-1858.86,12,0
11/07/2018 14:37:56 ,20,1,0.95000,1,1.79000,2.03000,51.134647,2.669798,1,4440,1,-3.100000,1,293.09,1,0.98,1,123,-12.50,-1858.86,12,0
11/07/2018 14:37:57 ,20,1,0.95000,1,1.79000,2.03000,51.134643,2.669795,1,10102,1,-3.200000,1,293.09,1,0.17,1,123,-12.50,-1858.86,12,0
11/07/2018 14:37:58 ,20,1,0.95000,1,1.79000,2.03000,51.134647,2.669795,1,10202,1,-3.100000,1,293.09,1,0.04,1,123,-12.50,-1858.86,12,0
11/07/2018 14:37:59 ,20,1,0.95000,1,1.79000,2.03000,51.134647,2.669794,1,10242,1,-3.200000,1,293.09,1,0.13,1,123,-12.50,-1858.86,12,0
11/07/2018 14:38:00 ,20,1,0.95000,1,1.79000,2.03000,51.134647,2.669793,1,10340,1,-2.900000,1,293.09,1,0.00,1,123,-12.50,-1858.86,12,0
11/07/2018 14:38:01 ,20,1,0.95000,1,1.79000,2.03000,51.134647,2.669791,1,10411,1,-2.700000,1,293.09,1,0.09,1,123,-12.50,-1858.86,12,0
11/07/2018 14:38:02 ,20,1,0.95000,1,1.79000,2.03000,51.134647,2.669790,1,11021,1,-2.500000,1,293.09,1,0.11,1,123,-12.50,-1858.86,12,0
11/07/2018 14:38:03 ,20,1,0.95000,1,1.79000,2.03000,51.134651,2.669789,1,11121,1,-2.300000,1,293.09,1,0.09,1,123,-12.50,-1858.86,12,0
11/07/2018 14:38:04 ,20,1,0.95000,1,1.79000,2.03000,51.134651,2.669788,1,11203,1,-2.000000,1,293.09,1,0.41,1,123,-12.50,-1858.86,12,0
11/07/2018 14:38:06 ,20,1,0.95000,1,1.79000,2.03000,51.134654,2.669791,1,220,1,-2.000000,1,293.09,1,1.20,1,123,-12.50,-1858.86,12,0
11/07/2018 14:38:07 ,20,1,0.95000,1,1.79000,2.03000,51.134651,2.669796,1,1310,1,-1.900000,1,202.64,1,2.09,1,123,-12.50,-1858.86,12,0
11/07/2018 14:38:08 ,20,1,0.95000,1,1.79000,2.03000,51.134643,2.669794,1,2243,1,-2.100000,1,205.67,1,1.85,1,123,-12.50,-1858.86,12,0
11/07/2018 14:38:09 ,20,1,0.95000,1,1.79000,2.03000,51.134639,2.669790,1,2340,1,-2.200000,1,205.40,1,1.69,1,123,-12.50,-1858.86,12,0
11/07/2018 14:38:10 ,20,1,0.95000,1,1.79000,2.03000,51.134635,2.669791,1,2434,1,-2.200000,1,186.71,1,2.43,1,123,-12.50,-1858.86,12,0
11/07/2018 14:38:11 ,20,1,0.95000,1,1.79000,2.03000,51.134628,2.669790,1,3024,1,-2.300000,1,184.73,1,2.00,1,123,-12.50,-1858.86,12,0
11/07/2018 14:38:12 ,13,1,1.09000,1,1.90000,2.19000,51.134624,2.669784,1,3132,1,-2.300000,1,199.26,1,2.30,1,123,-12.50,-1858.86,12,0
11/07/2018 14:38:13 ,14,1,1.00000,1,1.84000,2.09000,51.134616,2.669777,1,3331,1,-2.500000,1,201.31,1,4.87,1,123,-12.50,-1858.86,12,0
11/07/2018 14:38:14 ,14,1,0.96000,1,1.93000,2.15000,51.134609,2.669764,1,3422,1,-2.400000,1,241.15,1,3.50,1,123,-12.50,-1858.86,12,0
11/07/2018 14:38:15 ,14,1,0.96000,1,1.93000,2.15000,51.134601,2.669748,1,4013,1,-2.800000,1,245.83,1,4.07,1,123,-12.50,-1858.86,12,0
11/07/2018 14:38:16 ,14,1,1.08000,1,2.52000,2.74000,51.134597,2.669732,1,4111,1,-2.800000,1,243.76,1,4.56,1,123,-12.50,-1858.86,12,0
11/07/2018 14:38:17 ,14,1,0.96000,1,1.93000,2.15000,51.134590,2.669720,1,4200,1,-2.900000,1,233.82,1,4.32,1,123,-12.50,-1858.86,12,0
11/07/2018 14:38:18 ,14,1,0.96000,1,1.93000,2.15000,51.134582,2.669708,1,4240,1,-3.000000,1,228.46,1,4.65,1,123,-12.50,-1858.86,12,0
11/07/2018 14:38:19 ,14,1,0.96000,1,1.93000,2.15000,51.134574,2.669696,1,4330,1,-3.000000,1,225.30,1,4.59,1,123,-12.50,-1858.86,12,0
11/07/2018 14:38:20 ,20,1,0.95000,1,1.79000,2.03000,51.134567,2.669683,1,4420,1,-3.100000,1,228.57,1,4.35,1,123,-12.50,-1858.86,12,0
11/07/2018 14:38:21 ,20,1,0.95000,1,1.79000,2.03000,51.134555,2.669669,1,10013,1,-3.200000,1,228.00,1,4.78,1,123,-12.50,-1858.86,12,0
11/07/2018 14:38:22 ,20,1,0.95000,1,1.79000,2.03000,51.134548,2.669652,1,10104,1,-3.400000,1,231.03,1,4.94,1,123,-12.50,-1858.86,12,0
11/07/2018 14:38:23 ,20,1,0.95000,1,1.79000,2.03000,51.134540,2.669631,1,10201,1,-3.800000,1,237.90,1,5.30,1,123,-12.50,-1858.86,12,0
11/07/2018 14:38:24 ,14,1,0.96000,1,1.93000,2.16000,51.134536,2.669609,1,10300,1,-3.900000,1,244.99,1,5.43,1,123,-12.50,-1858.86,12,0
11/07/2018 14:38:25 ,20,1,0.96000,1,1.93000,2.16000,51.134532,2.669589,1,10332,1,-3.800000,1,250.60,1,5.06,1,123,-12.50,-1858.86,12,0
11/07/2018 14:38:26 ,20,1,0.95000,1,1.79000,2.03000,51.134529,2.669568,1,10424,1,-3.800000,1,256.64,1,5.15,1,123,-12.50,-1858.86,12,0
11/07/2018 14:38:27 ,20,1,0.96000,1,1.93000,2.16000,51.134529,2.669549,1,11030,1,-3.700000,1,258.25,1,4.76,1,123,-12.50,-1858.86,12,0
11/07/2018 14:38:29 ,20,1,0.95000,1,1.79000,2.03000,51.134525,2.669512,1,130,1,-3.600000,1,259.24,1,4.74,1,123,-12.50,-1858.86,12,0
11/07/2018 14:38:30 ,20,1,1.07000,1,2.38000,2.61000,51.134521,2.669493,1,1022,1,-3.500000,1,261.72,1,4.80,1,123,-12.50,-1858.86,12,0
11/07/2018 14:38:31 ,20,1,0.95000,1,1.80000,2.03000,51.134521,2.669475,1,2131,1,-3.400000,1,262.85,1,5.11,1,123,-12.50,-1858.86,12,0
11/07/2018 14:38:33 ,20,1,0.95000,1,1.80000,2.03000,51.134517,2.669439,1,2244,1,-3.300000,1,262.55,1,4.39,1,123,-12.50,-1858.86,12,0
11/07/2018 14:38:34 ,20,1,0.95000,1,1.80000,2.03000,51.134513,2.669422,1,3034,1,-3.200000,1,251.93,1,4.07,1,123,-12.50,-1858.86,12,0
11/07/2018 14:38:36 ,20,1,0.96000,1,1.93000,2.16000,51.134510,2.669392,1,3123,1,-3.100000,1,254.98,1,4.26,1,123,-12.50,-1858.86,12,0
11/07/2018 14:38:38 ,20,1,0.95000,1,1.80000,2.03000,51.134506,2.669362,1,3142,1,-3.000000,1,251.87,1,4.24,1,123,-12.50,-1858.86,12,0
11/07/2018 14:38:40 ,14,1,0.99000,1,1.85000,2.09000,51.134498,2.669340,1,3302,1,-3.200000,1,249.83,1,2.11,1,123,-12.50,-1858.86,12,0
11/07/2018 14:38:42 ,20,1,0.95000,1,1.80000,2.03000,51.134487,2.669326,1,3241,1,-5.000000,1,232.48,1,2.89,1,123,-12.50,-1858.86,12,0
11/07/2018 14:38:44 ,20,1,0.95000,1,1.80000,2.03000,51.134468,2.669302,1,4034,1,-5.700000,1,220.25,1,5.63,1,123,-12.50,-1858.86,12,0
11/07/2018 14:38:46 ,20,1,0.95000,1,1.80000,2.03000,51.134456,2.669266,1,4113,1,-5.900000,1,234.72,1,4.48,1,123,-12.50,-1858.86,12,0
11/07/2018 14:38:48 ,20,1,0.95000,1,1.80000,2.03000,51.134445,2.669230,1,4132,1,-5.700000,1,233.64,1,4.43,1,123,-12.50,-1858.86,12,0
11/07/2018 14:38:50 ,20,1,0.95000,1,1.80000,2.04000,51.134429,2.669197,1,4203,1,-5.700000,1,235.92,1,4.74,1,123,-12.50,-1858.86,12,0
11/07/2018 14:38:52 ,14,1,0.99000,1,1.85000,2.09000,51.134422,2.669162,1,4233,1,-5.800000,1,241.69,1,5.04,1,123,-12.50,-1858.86,12,0
11/07/2018 14:38:54 ,14,1,0.96000,1,1.93000,2.16000,51.134410,2.669127,1,4314,1,-5.500000,1,235.35,1,5.06,1,123,-12.50,-1858.86,12,0
11/07/2018 14:38:56 ,20,1,0.95000,1,1.80000,2.04000,51.134395,2.669091,1,4324,1,-5.100000,1,237.64,1,5.22,1,123,-12.50,-1858.86,12,0
11/07/2018 14:38:58 ,20,1,0.95000,1,1.80000,2.04000,51.134387,2.669050,1,4343,1,-4.800000,1,251.44,1,5.39,1,123,-12.50,-1858.86,12,0
11/07/2018 14:39:00 ,20,1,0.96000,1,1.94000,2.16000,51.134380,2.669011,1,4431,1,-4.400000,1,249.00,1,5.02,1,123,-12.50,-1858.86,12,0
11/07/2018 14:39:02 ,14,1,1.03000,1,2.14000,2.37000,51.134368,2.668978,1,10011,1,-3.900000,1,242.64,1,4.91,1,123,-12.50,-1858.86,12,0
11/07/2018 14:39:04 ,20,1,0.96000,1,1.94000,2.16000,51.134361,2.668946,1,10023,1,-3.600000,1,242.49,1,4.96,1,123,-12.50,-1858.86,12,0
11/07/2018 14:39:06 ,14,1,0.96000,1,1.94000,2.16000,51.134349,2.668918,1,10102,1,-3.400000,1,240.57,1,4.70,1,123,-12.50,-1858.86,12,0
11/07/2018 14:39:08 ,20,1,0.96000,1,1.94000,2.16000,51.134338,2.668885,1,10123,1,-3.200000,1,243.10,1,4.52,1,123,-12.50,-1858.86,12,0
11/07/2018 14:39:10 ,20,1,0.96000,1,1.94000,2.16000,51.134330,2.668857,1,10201,1,-3.100000,1,241.22,1,4.72,1,123,-12.50,-1858.86,12,0
11/07/2018 14:39:12 ,20,1,0.96000,1,1.94000,2.16000,51.134319,2.668825,1,10220,1,-2.900000,1,246.76,1,4.91,1,123,-12.50,-1858.86,12,0
11/07/2018 14:39:14 ,20,1,0.95000,1,1.80000,2.04000,51.134311,2.668793,1,10243,1,-2.800000,1,253.14,1,4.26,1,123,-12.50,-1858.86,12,0
11/07/2018 14:39:16 ,20,1,0.95000,1,1.80000,2.04000,51.134304,2.668765,1,10312,1,-2.600000,1,241.25,1,4.32,1,123,-12.50,-1858.86,12,0
11/07/2018 14:39:18 ,20,1,0.95000,1,1.80000,2.04000,51.134292,2.668739,1,10342,1,-2.500000,1,237.07,1,3.98,1,123,-12.50,-1858.86,12,0
11/07/2018 14:39:20 ,20,1,0.95000,1,1.80000,2.04000,51.134281,2.668713,1,10410,1,-2.400000,1,238.90,1,3.96,1,123,-12.50,-1858.86,12,0
11/07/2018 14:39:22 ,20,1,0.95000,1,1.80000,2.04000,51.134269,2.668686,1,10440,1,-2.500000,1,234.01,1,4.50,1,123,-12.50,-1858.86,12,0
11/07/2018 14:39:25 ,20,1,0.99000,1,1.85000,2.10000,51.134250,2.668638,1,130,1,-2.400000,1,236.62,1,4.91,1,123,-12.50,-1858.86,12,0
11/07/2018 14:39:26 ,20,1,0.95000,1,1.80000,2.04000,51.134243,2.668620,1,414,1,-2.600000,1,241.37,1,5.19,1,123,-12.50,-1858.86,12,0
11/07/2018 14:39:27 ,20,1,0.95000,1,1.80000,2.04000,51.134239,2.668601,1,2041,1,-2.600000,1,245.92,1,4.85,1,123,-12.50,-1858.86,12,0
11/07/2018 14:39:29 ,20,1,0.96000,1,1.80000,2.04000,51.134235,2.668560,1,2241,1,-2.600000,1,262.58,1,5.13,1,123,-12.50,-1858.86,12,0
11/07/2018 14:39:30 ,20,1,0.96000,1,1.80000,2.04000,51.134239,2.668541,1,3024,1,-2.500000,1,273.82,1,5.09,1,123,-12.50,-1858.86,12,0
11/07/2018 14:39:32 ,20,1,0.96000,1,1.80000,2.04000,51.134243,2.668505,1,3110,1,-2.300000,1,274.04,1,4.46,1,123,-12.50,-1858.86,12,0
11/07/2018 14:39:34 ,20,1,0.96000,1,1.80000,2.04000,51.134239,2.668467,1,3131,1,-2.100000,1,258.77,1,4.93,1,123,-12.50,-1858.86,12,0
11/07/2018 14:39:36 ,20,1,0.96000,1,1.80000,2.04000,51.134231,2.668431,1,3204,1,-2.000000,1,256.48,1,5.20,1,123,-12.50,-1858.86,12,0
11/07/2018 14:39:38 ,20,1,0.96000,1,1.80000,2.04000,51.134223,2.668393,1,3230,1,-1.700000,1,253.26,1,4.76,1,123,-12.50,-1858.86,12,0
11/07/2018 14:39:40 ,20,1,1.00000,1,1.81000,2.07000,51.134216,2.668361,1,4023,1,-1.500000,1,245.81,1,4.70,1,123,-12.50,-1858.86,12,0
11/07/2018 14:39:41 ,20,1,0.96000,1,1.81000,2.04000,51.134208,2.668346,1,4102,1,-1.400000,1,239.60,1,4.94,1,123,-12.50,-1858.86,12,0
11/07/2018 14:39:43 ,20,1,0.96000,1,1.81000,2.04000,51.134197,2.668315,1,4123,1,-1.200000,1,240.99,1,4.32,1,123,-12.50,-1858.86,12,0
11/07/2018 14:39:45 ,20,1,0.96000,1,1.81000,2.04000,51.134185,2.668285,1,4144,1,-1.200000,1,238.94,1,4.74,1,123,-12.50,-1858.86,12,0
11/07/2018 14:39:47 ,20,1,0.96000,1,1.81000,2.04000,51.134170,2.668258,1,4222,1,-1.100000,1,240.19,1,4.54,1,123,-12.50,-1858.86,12,0
11/07/2018 14:39:49 ,20,1,0.96000,1,1.81000,2.04000,51.134159,2.668234,1,4241,1,-1.200000,1,231.33,1,4.37,1,123,-12.50,-1858.86,12,0
11/07/2018 14:39:51 ,20,1,0.97000,1,1.95000,2.17000,51.134143,2.668215,1,4323,1,-1.300000,1,225.80,1,4.61,1,123,-12.50,-1858.86,12,0
11/07/2018 14:39:53 ,14,1,0.97000,1,1.95000,2.17000,51.134128,2.668195,1,4404,1,-1.500000,1,232.28,1,4.26,1,123,-12.50,-1858.86,12,0
11/07/2018 14:39:55 ,14,1,0.97000,1,1.95000,2.17000,51.134113,2.668173,1,4430,1,-1.600000,1,229.63,1,4.04,1,123,-12.50,-1858.86,12,0
11/07/2018 14:39:57 ,20,1,0.97000,1,1.95000,2.17000,51.134101,2.668153,1,10001,1,-1.700000,1,229.70,1,3.96,1,123,-12.50,-1858.86,12,0
11/07/2018 14:39:59 ,20,1,0.96000,1,1.81000,2.04000,51.134090,2.668128,1,10021,1,-1.200000,1,238.98,1,3.98,1,123,-12.50,-1858.86,12,0
11/07/2018 14:40:01 ,20,1,0.96000,1,1.81000,2.05000,51.134090,2.668119,1,10100,1,-1.500000,1,245.03,1,1.65,1,123,-12.50,-1858.86,12,0
11/07/2018 14:40:03 ,14,1,1.01000,1,2.11000,2.34000,51.134082,2.668112,1,10124,1,-1.500000,1,234.57,1,4.39,1,123,-12.50,-1858.86,12,0
11/07/2018 14:40:05 ,20,1,0.96000,1,1.81000,2.05000,51.134071,2.668093,1,10143,1,-1.500000,1,232.73,1,4.11,1,123,-12.50,-1858.86,12,0
11/07/2018 14:40:07 ,20,1,0.96000,1,1.81000,2.05000,51.134052,2.668071,1,10213,1,-2.000000,1,227.29,1,4.44,1,123,-12.50,-1858.86,12,0
11/07/2018 14:40:09 ,20,1,0.96000,1,1.81000,2.05000,51.134040,2.668041,1,10234,1,-2.100000,1,233.86,1,4.57,1,123,-12.50,-1858.86,12,0
11/07/2018 14:40:10 ,20,1,0.96000,1,1.81000,2.05000,51.134033,2.668026,1,10303,1,-2.400000,1,231.41,1,4.78,1,123,-12.50,-1858.86,12,0
11/07/2018 14:40:12 ,20,1,0.96000,1,1.81000,2.05000,51.134017,2.667997,1,10332,1,-2.800000,1,230.94,1,4.33,1,123,-12.50,-1858.86,12,0
11/07/2018 14:40:14 ,20,1,0.96000,1,1.81000,2.05000,51.134006,2.667964,1,10404,1,-2.700000,1,242.96,1,4.57,1,123,-12.50,-1858.86,12,0
11/07/2018 14:40:16 ,20,1,0.96000,1,1.81000,2.05000,51.133998,2.667930,1,10431,1,-2.900000,1,248.63,1,4.83,1,123,-12.50,-1858.86,12,0
11/07/2018 14:40:18 ,20,1,0.96000,1,1.81000,2.05000,51.133991,2.667895,1,11000,1,-2.900000,1,252.03,1,4.61,1,123,-12.50,-1858.86,12,0
11/07/2018 14:40:21 ,20,1,0.96000,1,1.81000,2.05000,51.133979,2.667839,1,44,1,-2.900000,1,250.66,1,4.96,1,123,-12.50,-1858.86,12,0
11/07/2018 14:40:22 ,20,1,0.96000,1,1.81000,2.05000,51.133975,2.667819,1,331,1,-2.900000,1,252.11,1,5.11,1,123,-12.50,-1858.86,12,0
11/07/2018 14:40:23 ,20,1,0.96000,1,1.81000,2.05000,51.133968,2.667801,1,1443,1,-2.600000,1,246.84,1,5.59,1,123,-12.50,-1858.86,12,0
11/07/2018 14:40:25 ,20,1,0.96000,1,1.81000,2.05000,51.133960,2.667769,1,2234,1,-2.400000,1,247.15,1,4.57,1,123,-12.50,-1858.86,12,0
11/07/2018 14:40:26 ,20,1,0.96000,1,1.81000,2.05000,51.133956,2.667752,1,3030,1,-2.200000,1,247.68,1,5.00,1,123,-12.50,-1858.86,12,0
11/07/2018 14:40:28 ,20,1,0.96000,1,1.81000,2.05000,51.133945,2.667719,1,3102,1,-2.000000,1,243.19,1,4.91,1,123,-12.50,-1858.86,12,0
11/07/2018 14:40:30 ,20,1,0.97000,1,1.95000,2.18000,51.133937,2.667687,1,3131,1,-1.900000,1,246.03,1,4.43,1,123,-12.50,-1858.86,12,0
11/07/2018 14:40:32 ,20,1,0.96000,1,1.81000,2.05000,51.133926,2.667659,1,3204,1,-1.700000,1,239.24,1,3.94,1,123,-12.50,-1858.86,12,0
11/07/2018 14:40:34 ,20,1,1.01000,1,1.81000,2.07000,51.133914,2.667632,1,3232,1,-1.700000,1,239.72,1,4.04,1,123,-12.50,-1858.86,12,0
11/07/2018 14:40:36 ,14,1,1.01000,1,1.81000,2.07000,51.133907,2.667602,1,4024,1,-1.800000,1,240.55,1,4.56,1,123,-12.50,-1858.86,12,0
11/07/2018 14:40:38 ,20,1,0.96000,1,1.81000,2.05000,51.133892,2.667567,1,4101,1,-1.900000,1,239.87,1,4.91,1,123,-12.50,-1858.86,12,0
11/07/2018 14:40:40 ,20,1,0.96000,1,1.81000,2.05000,51.133884,2.667528,1,4123,1,-1.900000,1,247.01,1,5.33,1,123,-12.50,-1858.86,12,0
11/07/2018 14:40:42 ,14,1,1.01000,1,1.81000,2.07000,51.133872,2.667489,1,4204,1,-1.700000,1,246.43,1,5.26,1,123,-12.50,-1858.86,12,0
11/07/2018 14:40:44 ,20,1,0.96000,1,1.81000,2.05000,51.133865,2.667448,1,4223,1,-1.500000,1,252.47,1,5.04,1,123,-12.50,-1858.86,12,0
11/07/2018 14:40:46 ,20,1,0.96000,1,1.81000,2.05000,51.133861,2.667409,1,4243,1,-1.200000,1,263.75,1,5.74,1,123,-12.50,-1858.86,12,0
11/07/2018 14:40:48 ,20,1,0.96000,1,1.81000,2.05000,51.133857,2.667370,1,4320,1,-1.000000,1,261.65,1,5.11,1,123,-12.50,-1858.86,12,0
11/07/2018 14:40:50 ,20,1,0.96000,1,1.81000,2.05000,51.133853,2.667335,1,4343,1,-0.800000,1,254.35,1,4.96,1,123,-12.50,-1858.86,12,0
11/07/2018 14:40:52 ,20,1,0.96000,1,1.81000,2.05000,51.133846,2.667300,1,4423,1,-0.800000,1,252.61,1,4.83,1,123,-12.50,-1858.86,12,0
11/07/2018 14:40:54 ,20,1,0.96000,1,1.81000,2.05000,51.133838,2.667266,1,4444,1,-0.900000,1,252.69,1,4.74,1,123,-12.50,-1858.86,12,0
11/07/2018 14:40:56 ,14,1,0.97000,1,1.96000,2.18000,51.133831,2.667230,1,10023,1,-0.600000,1,255.97,1,5.07,1,123,-12.50,-1858.86,12,0
11/07/2018 14:40:58 ,20,1,1.01000,1,1.82000,2.08000,51.133827,2.667193,1,10043,1,-0.700000,1,258.87,1,5.20,1,123,-12.50,-1858.86,12,0
11/07/2018 14:41:00 ,20,1,0.97000,1,1.96000,2.18000,51.133823,2.667158,1,10114,1,-0.600000,1,250.98,1,4.78,1,123,-12.50,-1858.86,12,0
11/07/2018 14:41:02 ,20,1,0.97000,1,1.96000,2.18000,51.133815,2.667122,1,10140,1,-0.500000,1,259.28,1,5.17,1,123,-12.50,-1858.86,12,0
11/07/2018 14:41:04 ,20,1,0.96000,1,1.81000,2.05000,51.133811,2.667092,1,10220,1,-0.400000,1,257.25,1,3.89,1,123,-12.50,-1858.86,12,0
11/07/2018 14:41:06 ,14,1,0.97000,1,1.96000,2.18000,51.133804,2.667059,1,10300,1,-0.100000,1,255.18,1,5.07,1,123,-12.50,-1858.86,12,0
11/07/2018 14:41:08 ,14,1,0.97000,1,1.96000,2.18000,51.133796,2.667028,1,10321,1,-0.100000,1,252.53,1,4.80,1,123,-12.50,-1858.86,12,0
11/07/2018 14:41:10 ,20,1,0.97000,1,1.96000,2.18000,51.133789,2.666998,1,10341,1,-0.200000,1,251.76,1,4.50,1,123,-12.50,-1858.86,12,0
11/07/2018 14:41:12 ,20,1,0.96000,1,1.82000,2.05000,51.133781,2.666968,1,10410,1,-0.400000,1,249.82,1,4.76,1,123,-12.50,-1858.86,12,0
11/07/2018 14:41:14 ,20,1,0.96000,1,1.82000,2.05000,51.133769,2.666939,1,10431,1,-0.400000,1,243.04,1,4.44,1,123,-12.50,-1858.86,12,0
11/07/2018 14:41:17 ,14,1,0.97000,1,1.96000,2.18000,51.133750,2.666898,1,30,1,-0.600000,1,242.30,1,4.33,1,123,-12.50,-1858.86,12,0
11/07/2018 14:41:18 ,20,1,0.96000,1,1.82000,2.05000,51.133747,2.666884,1,403,1,-0.800000,1,241.55,1,3.87,1,123,-12.50,-1858.86,12,0
11/07/2018 14:41:19 ,20,1,0.96000,1,1.82000,2.05000,51.133739,2.666872,1,2023,1,-0.900000,1,240.42,1,3.74,1,123,-12.50,-1858.86,12,0
11/07/2018 14:41:21 ,20,1,0.96000,1,1.82000,2.05000,51.133731,2.666844,1,2231,1,-1.100000,1,238.25,1,4.35,1,123,-12.50,-1858.86,12,0
11/07/2018 14:41:22 ,20,1,0.96000,1,1.82000,2.05000,51.133724,2.666831,1,3022,1,-1.300000,1,235.26,1,3.91,1,123,-12.50,-1858.86,12,0
11/07/2018 14:41:24 ,20,1,0.97000,1,1.96000,2.19000,51.133712,2.666806,1,3110,1,-1.600000,1,236.19,1,3.72,1,123,-12.50,-1858.86,12,0
11/07/2018 14:41:26 ,14,1,0.97000,1,1.96000,2.19000,51.133701,2.666779,1,3134,1,-1.900000,1,247.00,1,4.04,1,123,-12.50,-1858.86,12,0
11/07/2018 14:41:27 ,20,1,0.96000,1,1.82000,2.05000,51.133697,2.666763,1,3204,1,-2.100000,1,247.25,1,4.35,1,123,-12.50,-1858.86,12,0
11/07/2018 14:41:29 ,14,1,0.97000,1,1.96000,2.19000,51.133686,2.666729,1,3233,1,-2.200000,1,241.05,1,4.41,1,123,-12.50,-1858.86,12,0
11/07/2018 14:41:31 ,20,1,0.96000,1,1.82000,2.06000,51.133678,2.666694,1,3242,1,-2.300000,1,247.98,1,5.07,1,123,-12.50,-1858.86,12,0
11/07/2018 14:41:32 ,20,1,0.96000,1,1.82000,2.06000,51.133674,2.666675,1,4033,1,-2.300000,1,248.80,1,4.70,1,123,-12.50,-1858.86,12,0
11/07/2018 14:41:34 ,14,1,0.97000,1,1.96000,2.19000,51.133666,2.666637,1,4114,1,-2.200000,1,249.66,1,5.48,1,123,-12.50,-1858.86,12,0
11/07/2018 14:41:36 ,20,1,1.04000,1,1.99000,2.24000,51.133659,2.666597,1,4141,1,-1.800000,1,248.74,1,5.44,1,123,-12.50,-1858.86,12,0
11/07/2018 14:41:38 ,20,1,0.96000,1,1.82000,2.06000,51.133647,2.666559,1,4211,1,-1.500000,1,248.73,1,5.37,1,123,-12.50,-1858.86,12,0
11/07/2018 14:41:40 ,20,1,0.96000,1,1.82000,2.06000,51.133636,2.666520,1,4234,1,-1.400000,1,248.55,1,5.85,1,123,-12.50,-1858.86,12,0
11/07/2018 14:41:42 ,20,1,0.97000,1,1.96000,2.19000,51.133628,2.666481,1,4310,1,-1.300000,1,248.26,1,5.46,1,123,-12.50,-1858.86,12,0
11/07/2018 14:41:44 ,20,1,0.96000,1,1.82000,2.06000,51.133617,2.666445,1,4333,1,-1.100000,1,250.67,1,5.11,1,123,-12.50,-1858.86,12,0
11/07/2018 14:41:46 ,20,1,0.96000,1,1.82000,2.06000,51.133609,2.666409,1,4411,1,-1.300000,1,250.90,1,4.94,1,123,-12.50,-1858.86,12,0
11/07/2018 14:41:48 ,20,1,0.96000,1,1.82000,2.06000,51.133602,2.666371,1,4431,1,-1.200000,1,254.51,1,4.85,1,123,-12.50,-1858.86,12,0
11/07/2018 14:41:50 ,20,1,0.96000,1,1.82000,2.06000,51.133594,2.666340,1,10003,1,-1.500000,1,245.61,1,4.76,1,123,-12.50,-1858.86,12,0
11/07/2018 14:41:52 ,20,1,0.96000,1,1.82000,2.06000,51.133583,2.666311,1,10031,1,-1.500000,1,245.61,1,4.11,1,123,-12.50,-1858.86,12,0
11/07/2018 14:41:54 ,20,1,0.97000,1,1.96000,2.19000,51.133571,2.666281,1,10112,1,-1.800000,1,247.25,1,4.17,1,123,-12.50,-1858.86,12,0
11/07/2018 14:41:55 ,20,1,0.97000,1,1.96000,2.19000,51.133567,2.666267,1,4214,1,-2.000000,1,244.02,1,4.11,1,-119,-22.50,-1699.48,220,1
11/07/2018 14:41:56 ,20,1,0.96000,1,1.82000,2.06000,51.133563,2.666254,1,4233,1,-2.100000,1,242.05,1,4.00,1,-119,-22.50,-1699.48,220,0
11/07/2018 14:41:58 ,14,1,0.97000,1,1.96000,2.19000,51.133552,2.666227,1,4321,1,-2.000000,1,239.32,1,3.91,1,-119,-22.50,-1699.48,220,0
11/07/2018 14:42:00 ,20,1,0.96000,1,1.82000,2.06000,51.133541,2.666198,1,4334,1,-2.100000,1,238.62,1,4.06,1,-119,-22.50,-1699.48,220,0
11/07/2018 14:42:01 ,14,1,0.97000,1,1.96000,2.19000,51.133537,2.666184,1,4401,1,-2.100000,1,237.70,1,4.11,1,-119,-22.50,-1699.48,220,0
11/07/2018 14:42:03 ,20,1,0.96000,1,1.82000,2.06000,51.133525,2.666157,1,4432,1,-2.500000,1,237.21,1,3.78,1,-119,-22.50,-1699.48,220,0
11/07/2018 14:42:05 ,14,1,0.97000,1,1.96000,2.19000,51.133514,2.666129,1,10021,1,-2.700000,1,234.99,1,4.13,1,-119,-22.50,-1699.48,220,0
11/07/2018 14:42:07 ,20,1,1.04000,1,1.99000,2.25000,51.133502,2.666100,1,10033,1,-2.900000,1,238.59,1,4.56,1,-119,-22.50,-1699.48,220,0
11/07/2018 14:42:09 ,20,1,0.96000,1,1.82000,2.06000,51.133491,2.666064,1,10101,1,-2.900000,1,237.90,1,5.04,1,-119,-22.50,-1699.48,220,0
11/07/2018 14:42:11 ,14,1,0.97000,1,1.96000,2.19000,51.133476,2.666027,1,10140,1,-2.800000,1,239.89,1,5.74,1,-119,-22.50,-1699.48,220,0
11/07/2018 14:42:12 ,14,1,0.97000,1,1.96000,2.19000,51.133468,2.666006,1,10223,1,-2.700000,1,241.88,1,5.70,1,-119,-22.50,-1699.48,220,0
11/07/2018 14:42:13 ,20,1,0.97000,1,1.96000,2.19000,51.133464,2.665985,1,10322,1,-2.700000,1,244.74,1,5.87,1,-119,-22.50,-1699.48,220,0
11/07/2018 14:42:14 ,20,1,0.97000,1,1.96000,2.19000,51.133457,2.665964,1,10404,1,-2.700000,1,246.73,1,5.67,1,-119,-22.50,-1699.48,220,0
11/07/2018 14:42:15 ,20,1,0.97000,1,1.96000,2.19000,51.133453,2.665945,1,11131,1,-2.800000,1,247.00,1,5.32,1,-119,-22.50,-1699.48,220,0
11/07/2018 14:42:17 ,14,1,0.97000,1,1.97000,2.19000,51.133441,2.665908,1,14,1,-2.800000,1,246.29,1,5.04,1,-119,-22.50,-1699.48,220,0
11/07/2018 14:42:18 ,14,1,0.97000,1,1.97000,2.19000,51.133438,2.665893,1,1114,1,-2.800000,1,242.39,1,4.24,1,-119,-22.50,-1699.48,220,0
11/07/2018 14:42:19 ,20,1,0.97000,1,1.97000,2.19000,51.133430,2.665879,1,2232,1,-2.900000,1,239.52,1,4.22,1,-119,-22.50,-1699.48,220,0
11/07/2018 14:42:20 ,14,1,0.97000,1,1.97000,2.19000,51.133426,2.665865,1,2331,1,-2.900000,1,238.94,1,4.07,1,-119,-22.50,-1699.48,220,0
11/07/2018 14:42:21 ,14,1,0.97000,1,1.97000,2.19000,51.133419,2.665851,1,2430,1,-2.900000,1,239.06,1,4.20,1,-119,-22.50,-1699.48,220,0
11/07/2018 14:42:22 ,14,1,0.97000,1,1.97000,2.19000,51.133415,2.665836,1,3012,1,-2.600000,1,238.33,1,3.89,1,-119,-22.50,-1699.48,220,0
11/07/2018 14:42:23 ,14,1,0.97000,1,1.97000,2.19000,51.133407,2.665820,1,3110,1,-2.100000,1,236.92,1,4.24,1,-119,-22.50,-1699.48,220,0
11/07/2018 14:42:24 ,14,1,0.97000,1,1.97000,2.19000,51.133403,2.665805,1,3204,1,-2.200000,1,237.82,1,4.22,1,-119,-22.50,-1699.48,220,0
11/07/2018 14:42:25 ,14,1,0.97000,1,1.97000,2.19000,51.133399,2.665789,1,3300,1,-2.300000,1,241.41,1,4.20,1,-119,-22.50,-1699.48,220,0
11/07/2018 14:42:26 ,14,1,0.97000,1,1.97000,2.19000,51.133392,2.665774,1,3343,1,-2.300000,1,241.26,1,4.24,1,-119,-22.50,-1699.48,220,0
11/07/2018 14:42:27 ,14,1,0.97000,1,1.97000,2.19000,51.133388,2.665758,1,4001,1,-2.400000,1,239.71,1,4.46,1,-119,-22.50,-1699.48,220,0
11/07/2018 14:42:28 ,14,1,0.97000,1,1.97000,2.19000,51.133380,2.665743,1,4042,1,-2.500000,1,240.16,1,4.24,1,-119,-22.50,-1699.48,220,0
11/07/2018 14:42:29 ,14,1,0.97000,1,1.97000,2.19000,51.133377,2.665727,1,4142,1,-2.500000,1,242.52,1,4.61,1,-119,-22.50,-1699.48,220,0
11/07/2018 14:42:30 ,14,1,0.97000,1,1.97000,2.19000,51.133373,2.665709,1,4231,1,-2.400000,1,242.88,1,4.78,1,-119,-22.50,-1699.48,220,0
11/07/2018 14:42:31 ,14,1,0.97000,1,1.97000,2.19000,51.133365,2.665693,1,4322,1,-2.300000,1,240.07,1,4.61,1,-119,-22.50,-1699.48,220,0
11/07/2018 14:42:32 ,14,1,0.97000,1,1.97000,2.19000,51.133361,2.665675,1,4420,1,-2.300000,1,243.87,1,5.11,1,-119,-22.50,-1699.48,220,0
11/07/2018 14:42:33 ,14,1,0.97000,1,1.97000,2.19000,51.133358,2.665657,1,10014,1,-2.100000,1,242.60,1,4.96,1,-119,-22.50,-1699.48,220,0
11/07/2018 14:42:34 ,14,1,0.97000,1,1.97000,2.19000,51.133350,2.665638,1,10104,1,-2.000000,1,241.12,1,5.32,1,-119,-22.50,-1699.48,220,0
11/07/2018 14:42:35 ,20,1,0.97000,1,1.97000,2.19000,51.133346,2.665619,1,10203,1,-1.900000,1,244.51,1,5.15,1,-119,-22.50,-1699.48,220,0
11/07/2018 14:42:36 ,20,1,0.96000,1,1.82000,2.06000,51.133342,2.665599,1,11100,1,-1.900000,1,246.63,1,5.22,1,-119,-22.50,-1699.48,220,0
11/07/2018 14:42:38 ,14,1,0.97000,1,1.97000,2.19000,51.133331,2.665562,1,11132,1,-1.700000,1,244.00,1,5.07,1,-119,-22.50,-1699.48,220,0
11/07/2018 14:42:40 ,14,1,0.97000,1,1.97000,2.19000,51.133323,2.665525,1,11204,1,-1.400000,1,250.28,1,5.00,1,-119,-22.50,-1699.48,220,0
11/07/2018 14:42:42 ,14,1,0.97000,1,1.97000,2.19000,51.133316,2.665488,1,403,1,-1.200000,1,256.01,1,4.93,1,-119,-22.50,-1699.48,220,0
11/07/2018 14:42:43 ,14,1,0.97000,1,1.97000,2.19000,51.133316,2.665470,1,2133,1,-1.000000,1,258.27,1,4.96,1,-119,-22.50,-1699.48,220,0
11/07/2018 14:42:44 ,14,1,0.97000,1,1.97000,2.19000,51.133312,2.665451,1,2224,1,-0.700000,1,254.11,1,4.93,1,-119,-22.50,-1699.48,220,0
11/07/2018 14:42:46 ,14,1,0.97000,1,1.97000,2.19000,51.133304,2.665412,1,2313,1,-0.100000,1,253.48,1,5.33,1,-119,-22.50,-1699.48,220,0
11/07/2018 14:42:48 ,14,1,0.97000,1,1.97000,2.19000,51.133300,2.665373,1,2331,1,-0.100000,1,256.48,1,5.37,1,-119,-22.50,-1699.48,220,0
11/07/2018 14:42:50 ,14,1,0.97000,1,1.97000,2.19000,51.133296,2.665333,1,2403,1,0.200000,1,265.76,1,5.37,1,-119,-22.50,-1699.48,220,0
