11/07/2018 14:41:51 ,20,1,0.96000,1,1.82000,2.06000,51.133605,2.666221,1,3020,1,2.000000,1,0,0.00,0,0
11/07/2018 14:41:53 ,20,1,0.96000,1,1.82000,2.06000,51.133598,2.666185,1,3103,1,2.100000,1,0,0.00,0,0
11/07/2018 14:41:55 ,20,1,0.96000,1,1.82000,2.06000,51.133583,2.666151,1,3340,1,2.100000,1,0,0.00,0,0
11/07/2018 14:41:57 ,14,1,1.03000,1,2.15000,2.38000,51.133571,2.666118,1,3422,1,2.100000,1,0,0.00,0,0
11/07/2018 14:41:59 ,20,1,0.96000,1,1.82000,2.06000,51.133560,2.666080,1,3430,1,2.000000,1,0,0.00,0,0
11/07/2018 14:42:01 ,20,1,0.96000,1,1.82000,2.06000,51.133548,2.666043,1,3442,1,1.200000,1,0,0.00,0,0
11/07/2018 14:42:03 ,14,1,0.97000,1,1.96000,2.19000,51.133541,2.666012,1,4031,1,1.100000,1,0,0.00,0,0
11/07/2018 14:42:04 ,20,1,0.96000,1,1.82000,2.06000,51.133533,2.665995,1,10441,1,1.200000,1,-123,-17.25,28,1
11/07/2018 14:42:04 ,20,1,0.96000,1,1.82000,2.06000,51.133533,2.665995,1,10441,1,1.200000,1,-123,-17.25,28,0
11/07/2018 14:42:06 ,20,1,0.96000,1,1.82000,2.06000,51.133518,2.665962,1,11020,1,1.000000,1,-123,-17.25,28,0
11/07/2018 14:42:08 ,20,1,0.96000,1,1.82000,2.06000,51.133502,2.665929,1,11042,1,0.800000,1,-123,-17.25,28,0
11/07/2018 14:42:10 ,20,1,0.96000,1,1.82000,2.06000,51.133491,2.665892,1,11120,1,0.700000,1,-123,-17.25,28,0
11/07/2018 14:42:12 ,20,1,0.96000,1,1.82000,2.06000,51.133480,2.665853,1,11140,1,0.100000,1,-123,-17.25,28,0
11/07/2018 14:42:14 ,20,1,0.96000,1,1.82000,2.06000,51.133468,2.665819,1,11204,1,0.000000,1,-123,-17.25,28,0
11/07/2018 14:42:16 ,20,1,0.96000,1,1.82000,2.06000,51.133457,2.665787,1,402,1,0.000000,1,-123,-17.25,28,0
11/07/2018 14:42:17 ,20,1,0.96000,1,1.82000,2.06000,51.133449,2.665769,1,2002,1,0.300000,1,-123,-17.25,28,0
11/07/2018 14:42:18 ,20,1,0.96000,1,1.82000,2.06000,51.133441,2.665752,1,2310,1,-0.300000,1,-123,-17.25,28,0
11/07/2018 14:42:19 ,20,1,0.96000,1,1.82000,2.06000,51.133438,2.665736,1,2342,1,-0.400000,1,-123,-17.25,28,0
11/07/2018 14:42:20 ,20,1,0.96000,1,1.82000,2.06000,51.133434,2.665718,1,2430,1,-0.300000,1,-123,-17.25,28,0
11/07/2018 14:42:21 ,20,1,0.96000,1,1.82000,2.06000,51.133430,2.665697,1,3014,1,-0.400000,1,-123,-17.25,28,0
11/07/2018 14:42:22 ,20,1,0.96000,1,1.82000,2.06000,51.133422,2.665676,1,3104,1,-0.300000,1,-123,-17.25,28,0
11/07/2018 14:42:23 ,20,1,0.96000,1,1.82000,2.06000,51.133419,2.665657,1,3301,1,-0.400000,1,-123,-17.25,28,0
11/07/2018 14:42:24 ,20,1,0.96000,1,1.82000,2.06000,51.133415,2.665641,1,3331,1,-0.200000,1,-123,-17.25,28,0
11/07/2018 14:42:25 ,20,1,0.96000,1,1.82000,2.06000,51.133407,2.665621,1,3424,1,0.300000,1,-123,-17.25,28,0
11/07/2018 14:42:26 ,20,1,0.96000,1,1.82000,2.06000,51.133403,2.665605,1,4014,1,0.300000,1,-123,-17.25,28,0
11/07/2018 14:42:28 ,20,1,0.96000,1,1.82000,2.06000,51.133392,2.665571,1,4100,1,0.500000,1,-123,-17.25,28,0
11/07/2018 14:42:30 ,20,1,0.96000,1,1.82000,2.06000,51.133380,2.665536,1,4111,1,0.900000,1,-123,-17.25,28,0
11/07/2018 14:42:32 ,20,1,0.96000,1,1.82000,2.06000,51.133369,2.665501,1,2242,1,0.900000,1,124,-13.00,12,1
11/07/2018 14:42:32 ,20,1,0.96000,1,1.82000,2.06000,51.133369,2.665501,1,2242,1,0.900000,1,124,-13.00,12,0
11/07/2018 14:42:34 ,20,1,0.96000,1,1.82000,2.06000,51.133358,2.665468,1,2404,1,1.000000,1,124,-13.00,12,0
11/07/2018 14:42:36 ,20,1,0.96000,1,1.82000,2.06000,51.133350,2.665436,1,2420,1,1.400000,1,124,-13.00,12,0
11/07/2018 14:42:38 ,20,1,0.96000,1,1.82000,2.06000,51.133338,2.665405,1,2441,1,1.000000,1,124,-13.00,12,0
11/07/2018 14:42:40 ,20,1,0.96000,1,1.82000,2.06000,51.133335,2.665400,1,3012,1,-0.300000,1,124,-13.00,12,0
11/07/2018 14:42:41 ,14,1,1.04000,1,2.00000,2.25000,51.133335,2.665391,1,4030,1,-0.500000,1,125,-11.75,12,1
11/07/2018 14:42:41 ,14,1,1.04000,1,2.00000,2.25000,51.133335,2.665391,1,4030,1,-0.500000,1,125,-11.75,12,0
11/07/2018 14:42:43 ,20,1,0.96000,1,1.82000,2.06000,51.133335,2.665375,1,4112,1,0.600000,1,125,-11.75,12,0
11/07/2018 14:42:45 ,20,1,0.96000,1,1.82000,2.06000,51.133331,2.665358,1,4203,1,0.700000,1,125,-11.75,12,0
11/07/2018 14:42:46 ,20,1,0.97000,1,1.97000,2.19000,51.133327,2.665344,1,4212,1,0.700000,1,125,-11.75,12,0
11/07/2018 14:42:47 ,14,1,0.97000,1,1.97000,2.19000,51.133323,2.665330,1,4400,1,0.700000,1,125,-11.75,12,0
11/07/2018 14:42:48 ,14,1,0.97000,1,1.97000,2.19000,51.133323,2.665315,1,4402,1,0.300000,1,125,-11.75,12,0
11/07/2018 14:42:49 ,14,1,0.97000,1,1.97000,2.19000,51.133316,2.665302,1,4434,1,-0.100000,1,125,-11.75,12,0
11/07/2018 14:42:50 ,20,1,0.96000,1,1.82000,2.06000,51.133312,2.665291,1,10020,1,0.200000,1,125,-11.75,12,0
11/07/2018 14:42:51 ,20,1,0.96000,1,1.82000,2.06000,51.133308,2.665282,1,10131,1,0.300000,1,125,-11.75,12,0
11/07/2018 14:42:52 ,20,1,0.96000,1,1.82000,2.06000,51.133300,2.665274,1,10142,1,-0.400000,1,125,-11.75,12,0
11/07/2018 14:42:53 ,20,1,0.96000,1,1.82000,2.06000,51.133296,2.665263,1,10232,1,-0.100000,1,125,-11.75,12,0
11/07/2018 14:42:54 ,20,1,0.96000,1,1.82000,2.06000,51.133293,2.665254,1,10313,1,-0.200000,1,125,-11.75,12,0
11/07/2018 14:42:55 ,20,1,0.96000,1,1.82000,2.06000,51.133289,2.665246,1,10413,1,-0.200000,1,125,-11.75,12,0
11/07/2018 14:42:56 ,20,1,0.96000,1,1.82000,2.06000,51.133285,2.665233,1,10443,1,-0.400000,1,125,-11.75,12,0
11/07/2018 14:42:57 ,20,1,1.02000,1,1.83000,2.09000,51.133281,2.665219,1,11102,1,-0.400000,1,125,-11.75,12,0
11/07/2018 14:42:58 ,20,1,0.96000,1,1.82000,2.06000,51.133281,2.665205,1,11134,1,-0.300000,1,125,-11.75,12,0
11/07/2018 14:43:00 ,20,1,0.96000,1,1.82000,2.06000,51.133270,2.665168,1,32,1,-0.100000,1,125,-11.75,12,0
11/07/2018 14:43:01 ,20,1,0.96000,1,1.82000,2.06000,51.133262,2.665147,1,1042,1,0.300000,1,125,-11.75,12,0
11/07/2018 14:43:02 ,20,1,0.96000,1,1.82000,2.06000,51.133258,2.665124,1,2334,1,0.500000,1,125,-11.75,12,0
11/07/2018 14:43:03 ,20,1,0.96000,1,1.82000,2.06000,51.133255,2.665105,1,2432,1,0.500000,1,125,-11.75,12,0
11/07/2018 14:43:05 ,20,1,0.96000,1,1.82000,2.06000,51.133243,2.665069,1,3000,1,0.300000,1,125,-11.75,12,0
11/07/2018 14:43:07 ,20,1,0.96000,1,1.82000,2.06000,51.133228,2.665037,1,3013,1,0.200000,1,125,-11.75,12,0
11/07/2018 14:43:09 ,20,1,0.96000,1,1.82000,2.06000,51.133220,2.665003,1,3031,1,0.900000,1,125,-11.75,12,0
11/07/2018 14:43:11 ,20,1,0.96000,1,1.82000,2.06000,51.133209,2.664970,1,3110,1,1.200000,1,125,-11.75,12,0
11/07/2018 14:43:13 ,20,1,0.96000,1,1.82000,2.06000,51.133197,2.664938,1,3123,1,0.700000,1,125,-11.75,12,0
11/07/2018 14:43:15 ,20,1,0.96000,1,1.82000,2.06000,51.133190,2.664901,1,3142,1,1.000000,1,125,-11.75,12,0
11/07/2018 14:43:17 ,20,1,0.97000,1,1.97000,2.20000,51.133178,2.664863,1,3203,1,0.800000,1,125,-11.75,12,0
11/07/2018 14:43:19 ,20,1,0.97000,1,1.97000,2.20000,51.133174,2.664829,1,3220,1,1.700000,1,125,-11.75,12,0
11/07/2018 14:43:21 ,20,1,0.97000,1,1.97000,2.20000,51.133167,2.664793,1,3243,1,3.600000,1,125,-11.75,12,0
11/07/2018 14:43:22 ,20,1,0.97000,1,1.97000,2.20000,51.133163,2.664783,1,3312,1,3.800000,1,125,-11.75,12,0
11/07/2018 14:43:23 ,20,1,0.97000,1,1.97000,2.20000,51.133159,2.664781,1,3421,1,3.300000,1,125,-11.75,12,0
11/07/2018 14:43:25 ,20,1,0.97000,1,1.97000,2.20000,51.133159,2.664781,1,3443,1,3.100000,1,125,-11.75,12,0
11/07/2018 14:43:26 ,20,1,0.97000,1,1.97000,2.20000,51.133159,2.664780,1,4010,1,3.600000,1,125,-11.75,12,0
11/07/2018 14:43:27 ,20,1,0.97000,1,1.97000,2.20000,51.133159,2.664780,1,3410,1,3.300000,1,-118,-13.75,12,1
11/07/2018 14:43:28 ,20,1,0.97000,1,1.97000,2.20000,51.133159,2.664779,1,3421,1,3.300000,1,-118,-13.75,12,0
11/07/2018 14:43:30 ,20,1,0.97000,1,1.97000,2.20000,51.133152,2.664779,1,3441,1,2.700000,1,-118,-13.75,12,0
11/07/2018 14:43:32 ,20,1,0.97000,1,1.97000,2.20000,51.133148,2.664788,1,3440,1,2.400000,1,-118,-13.75,12,0
11/07/2018 14:43:34 ,20,1,0.97000,1,1.97000,2.20000,51.133140,2.664809,1,4110,1,1.900000,1,-118,-13.75,12,0
11/07/2018 14:43:36 ,20,1,0.97000,1,1.97000,2.20000,51.133140,2.664815,1,4203,1,2.300000,1,-118,-13.75,12,0
11/07/2018 14:43:36 ,20,1,0.97000,1,1.97000,2.20000,51.133140,2.664815,1,10134,1,2.300000,1,125,-9.50,12,1
11/07/2018 14:43:37 ,20,1,0.97000,1,1.97000,2.20000,51.133144,2.664813,1,10210,1,2.400000,1,125,-9.50,12,0
11/07/2018 14:43:39 ,20,1,0.97000,1,1.97000,2.20000,51.133144,2.664808,1,10231,1,3.400000,1,125,-9.50,12,0
11/07/2018 14:43:41 ,20,1,0.97000,1,1.97000,2.20000,51.133148,2.664807,1,10244,1,4.000000,1,125,-9.50,12,0
11/07/2018 14:43:43 ,20,1,0.97000,1,1.97000,2.20000,51.133148,2.664809,1,10330,1,4.300000,1,125,-9.50,12,0
11/07/2018 14:43:44 ,20,1,0.97000,1,1.97000,2.20000,51.133148,2.664809,1,10421,1,4.400000,1,125,-9.50,12,0
11/07/2018 14:43:45 ,14,1,1.08000,1,2.50000,2.73000,51.133148,2.664809,1,11020,1,4.600000,1,125,-9.50,12,0
11/07/2018 14:43:45 ,14,1,1.08000,1,2.50000,2.73000,51.133148,2.664809,1,11434,1,4.600000,1,125,-12.50,12,1
11/07/2018 14:43:47 ,14,1,1.08000,1,2.50000,2.73000,51.133148,2.664812,1,1022,1,5.000000,1,125,-12.50,12,0
11/07/2018 14:43:48 ,14,1,1.08000,1,2.50000,2.73000,51.133152,2.664812,1,2312,1,5.000000,1,125,-12.50,12,0
11/07/2018 14:43:49 ,20,1,1.08000,1,2.50000,2.73000,51.133152,2.664813,1,2403,1,5.000000,1,125,-12.50,12,0
11/07/2018 14:43:50 ,20,1,0.97000,1,1.97000,2.20000,51.133152,2.664813,1,2433,1,5.200000,1,125,-12.50,12,0
11/07/2018 14:43:51 ,20,1,0.97000,1,1.97000,2.20000,51.133152,2.664814,1,3031,1,5.300000,1,125,-12.50,12,0
11/07/2018 14:43:52 ,20,1,0.97000,1,1.97000,2.20000,51.133152,2.664814,1,3121,1,5.500000,1,125,-12.50,12,0
11/07/2018 14:43:53 ,20,1,0.97000,1,1.97000,2.20000,51.133152,2.664814,1,3210,1,5.500000,1,125,-12.50,12,0
11/07/2018 14:43:54 ,20,1,0.97000,1,1.97000,2.20000,51.133152,2.664813,1,3244,1,5.400000,1,125,-12.50,12,0
11/07/2018 14:43:55 ,20,1,0.97000,1,1.97000,2.20000,51.133152,2.664812,1,212,1,5.500000,1,125,-11.00,12,1
11/07/2018 14:43:56 ,20,1,0.97000,1,1.97000,2.20000,51.133152,2.664812,1,2304,1,5.500000,1,125,-11.00,12,0
11/07/2018 14:43:57 ,20,1,1.08000,1,2.50000,2.73000,51.133152,2.664811,1,2404,1,5.500000,1,125,-11.00,12,0
11/07/2018 14:43:58 ,20,1,1.08000,1,2.50000,2.73000,51.133152,2.664810,1,2442,1,5.600000,1,125,-11.00,12,0
11/07/2018 14:43:59 ,20,1,1.08000,1,2.50000,2.72000,51.133152,2.664810,1,3030,1,5.600000,1,125,-11.00,12,0
11/07/2018 14:44:00 ,20,1,1.08000,1,2.50000,2.72000,51.133152,2.664809,1,3042,1,5.500000,1,125,-11.00,12,0
11/07/2018 14:44:01 ,20,1,0.97000,1,1.97000,2.20000,51.133152,2.664808,1,3144,1,5.200000,1,125,-11.00,12,0
11/07/2018 14:44:02 ,20,1,0.97000,1,1.97000,2.20000,51.133152,2.664808,1,3242,1,4.900000,1,125,-11.00,12,0
11/07/2018 14:44:03 ,20,1,0.97000,1,1.97000,2.20000,51.133152,2.664806,1,3332,1,4.700000,1,125,-11.00,12,0
11/07/2018 14:44:04 ,20,1,0.97000,1,1.97000,2.20000,51.133148,2.664810,1,1420,1,3.600000,1,124,-10.50,12,1
11/07/2018 14:44:05 ,20,1,0.97000,1,1.97000,2.20000,51.133148,2.664811,1,2414,1,3.400000,1,124,-10.50,12,0
11/07/2018 14:44:06 ,14,1,1.03000,1,2.15000,2.38000,51.133144,2.664811,1,3112,1,3.000000,1,124,-10.50,12,0
11/07/2018 14:44:07 ,20,1,0.97000,1,1.97000,2.20000,51.133144,2.664810,1,3200,1,3.000000,1,124,-10.50,12,0
11/07/2018 14:44:08 ,14,1,1.03000,1,2.15000,2.38000,51.133144,2.664810,1,3241,1,3.000000,1,124,-10.50,12,0
11/07/2018 14:44:09 ,14,1,1.03000,1,2.15000,2.38000,51.133144,2.664802,1,3303,1,2.800000,1,124,-10.50,12,0
11/07/2018 14:44:10 ,14,1,1.03000,1,2.37000,2.59000,51.133140,2.664791,1,3340,1,2.700000,1,124,-10.50,12,0
11/07/2018 14:44:11 ,20,1,1.03000,1,2.15000,2.38000,51.133136,2.664779,1,3430,1,2.800000,1,124,-10.50,12,0
11/07/2018 14:44:12 ,20,1,0.97000,1,1.97000,2.20000,51.133129,2.664765,1,4014,1,2.900000,1,124,-10.50,12,0
11/07/2018 14:44:13 ,20,1,1.05000,1,2.18000,2.42000,51.133125,2.664744,1,3203,1,3.600000,1,124,-13.75,12,1
11/07/2018 14:44:14 ,20,1,0.97000,1,1.97000,2.20000,51.133117,2.664725,1,3241,1,3.800000,1,124,-13.75,12,0
11/07/2018 14:44:15 ,20,1,0.97000,1,1.97000,2.20000,51.133110,2.664706,1,3332,1,3.900000,1,124,-13.75,12,0
11/07/2018 14:44:16 ,20,1,0.97000,1,1.97000,2.20000,51.133102,2.664689,1,3420,1,3.800000,1,124,-13.75,12,0
11/07/2018 14:44:17 ,20,1,0.97000,1,1.97000,2.20000,51.133098,2.664670,1,4003,1,4.300000,1,124,-13.75,12,0
11/07/2018 14:44:18 ,20,1,0.97000,1,1.97000,2.20000,51.133090,2.664653,1,4042,1,4.200000,1,124,-13.75,12,0
11/07/2018 14:44:19 ,20,1,0.97000,1,1.97000,2.20000,51.133083,2.664633,1,4130,1,4.300000,1,124,-13.75,12,0
11/07/2018 14:44:20 ,20,1,0.97000,1,1.97000,2.20000,51.133075,2.664617,1,4223,1,4.300000,1,124,-13.75,12,0
11/07/2018 14:44:21 ,20,1,0.97000,1,1.97000,2.20000,51.133068,2.664601,1,4314,1,4.700000,1,124,-13.75,12,0
11/07/2018 14:44:22 ,20,1,0.97000,1,1.97000,2.20000,51.133068,2.664587,1,4401,1,5.000000,1,124,-13.75,12,0
11/07/2018 14:44:23 ,20,1,0.97000,1,1.97000,2.20000,51.133060,2.664575,1,4440,1,4.000000,1,124,-13.75,12,0
11/07/2018 14:44:24 ,20,1,0.97000,1,1.97000,2.20000,51.133056,2.664559,1,10020,1,4.100000,1,124,-13.75,12,0
11/07/2018 14:44:25 ,14,1,1.12000,1,2.12000,2.40000,51.133052,2.664546,1,10121,1,3.800000,1,124,-13.75,12,0
11/07/2018 14:44:26 ,14,1,0.97000,1,1.97000,2.20000,51.133049,2.664533,1,10201,1,3.800000,1,124,-13.75,12,0
11/07/2018 14:44:27 ,20,1,0.97000,1,1.97000,2.20000,51.133049,2.664518,1,10234,1,4.000000,1,124,-13.75,12,0
11/07/2018 14:44:28 ,20,1,0.97000,1,1.97000,2.20000,51.133045,2.664501,1,10320,1,3.800000,1,124,-13.75,12,0
11/07/2018 14:44:29 ,20,1,0.97000,1,1.97000,2.20000,51.133041,2.664484,1,10440,1,3.700000,1,124,-13.75,12,0
11/07/2018 14:44:30 ,20,1,1.03000,1,2.15000,2.38000,51.133033,2.664466,1,11000,1,3.600000,1,124,-13.75,12,0
11/07/2018 14:44:31 ,20,1,0.97000,1,1.97000,2.20000,51.133029,2.664447,1,11133,1,3.500000,1,124,-13.75,12,0
11/07/2018 14:44:33 ,20,1,0.97000,1,1.97000,2.20000,51.133018,2.664402,1,24,1,3.300000,1,124,-13.75,12,0
11/07/2018 14:44:34 ,20,1,0.97000,1,1.97000,2.20000,51.133007,2.664380,1,1020,1,4.400000,1,124,-13.75,12,0
11/07/2018 14:44:35 ,20,1,0.97000,1,1.97000,2.20000,51.132999,2.664359,1,3032,1,4.300000,1,124,-13.75,12,0
11/07/2018 14:44:37 ,20,1,0.97000,1,1.97000,2.20000,51.132984,2.664319,1,3104,1,4.500000,1,124,-13.75,12,0
11/07/2018 14:44:38 ,20,1,0.97000,1,1.97000,2.20000,51.132984,2.664303,1,3123,1,3.000000,1,124,-13.75,12,0
11/07/2018 14:44:40 ,20,1,0.97000,1,1.97000,2.20000,51.132972,2.664266,1,3143,1,1.400000,1,124,-13.75,12,0
11/07/2018 14:44:42 ,20,1,0.97000,1,1.97000,2.20000,51.132957,2.664237,1,3210,1,1.200000,1,124,-13.75,12,0
11/07/2018 14:44:44 ,20,1,0.97000,1,1.97000,2.20000,51.132946,2.664202,1,3231,1,0.300000,1,124,-13.75,12,0
11/07/2018 14:44:46 ,20,1,0.97000,1,1.97000,2.20000,51.132938,2.664166,1,3300,1,1.300000,1,124,-13.75,12,0
11/07/2018 14:44:48 ,20,1,0.97000,1,1.97000,2.20000,51.132923,2.664129,1,3313,1,1.800000,1,124,-13.75,12,0
11/07/2018 14:44:50 ,20,1,0.97000,1,1.97000,2.20000,51.132915,2.664084,1,3333,1,2.200000,1,124,-13.75,12,0
11/07/2018 14:44:52 ,20,1,0.97000,1,1.97000,2.20000,51.132900,2.664045,1,3344,1,2.400000,1,124,-13.75,12,0
11/07/2018 14:44:54 ,14,1,0.97000,1,1.97000,2.20000,51.132881,2.664008,1,3421,1,4.200000,1,124,-13.75,12,0
11/07/2018 14:44:55 ,20,1,1.08000,1,2.63000,2.84000,51.132869,2.663988,1,4011,1,4.200000,1,124,-13.75,12,0
11/07/2018 14:44:57 ,20,1,1.03000,1,2.14000,2.38000,51.132854,2.663952,1,4031,1,4.100000,1,124,-13.75,12,0
11/07/2018 14:44:59 ,20,1,1.03000,1,2.14000,2.38000,51.132839,2.663918,1,3013,1,3.900000,1,123,-14.25,12,1
11/07/2018 14:44:59 ,20,1,1.03000,1,2.14000,2.38000,51.132839,2.663918,1,3013,1,3.900000,1,123,-14.25,12,0
11/07/2018 14:45:01 ,20,1,1.03000,1,2.14000,2.38000,51.132823,2.663890,1,3124,1,3.500000,1,123,-14.25,12,0
11/07/2018 14:45:02 ,20,1,1.03000,1,2.14000,2.38000,51.132816,2.663868,1,3201,1,4.700000,1,123,-14.25,12,0
11/07/2018 14:45:04 ,14,1,1.03000,1,2.14000,2.38000,51.132801,2.663828,1,3220,1,6.000000,1,123,-14.25,12,0
11/07/2018 14:45:06 ,14,1,1.03000,1,2.14000,2.38000,51.132789,2.663793,1,3240,1,6.700000,1,123,-14.25,12,0
11/07/2018 14:45:08 ,14,1,1.03000,1,2.14000,2.38000,51.132774,2.663755,1,3313,1,6.900000,1,123,-14.25,12,0
11/07/2018 14:45:08 ,14,1,1.03000,1,2.14000,2.38000,51.132774,2.663755,1,4300,1,6.900000,1,124,-14.75,12,1
11/07/2018 14:45:09 ,14,1,1.03000,1,2.14000,2.38000,51.132770,2.663741,1,4313,1,6.300000,1,124,-14.75,12,0
11/07/2018 14:45:10 ,14,1,1.31000,1,2.52000,2.84000,51.132762,2.663721,1,4331,1,6.200000,1,124,-14.75,12,0
11/07/2018 14:45:12 ,12,1,1.77000,1,3.54000,3.95000,51.132751,2.663679,1,4413,1,5.700000,1,124,-14.75,12,0
11/07/2018 14:45:14 ,20,1,1.03000,1,2.14000,2.38000,51.132740,2.663644,1,4423,1,5.100000,1,124,-14.75,12,0
11/07/2018 14:45:15 ,14,1,1.03000,1,2.14000,2.38000,51.132732,2.663627,1,10010,1,5.400000,1,124,-14.75,12,0
11/07/2018 14:45:16 ,14,1,1.03000,1,2.14000,2.38000,51.132728,2.663614,1,10043,1,5.300000,1,124,-14.75,12,0
11/07/2018 14:45:17 ,20,1,1.03000,1,2.14000,2.38000,51.132720,2.663600,1,10130,1,5.200000,1,124,-14.75,12,0
11/07/2018 14:45:18 ,20,1,1.03000,1,2.14000,2.38000,51.132717,2.663586,1,10220,1,5.500000,1,124,-14.75,12,0
11/07/2018 14:45:19 ,14,1,1.03000,1,2.14000,2.38000,51.132709,2.663571,1,10311,1,5.300000,1,124,-14.75,12,0
11/07/2018 14:45:20 ,20,1,0.97000,1,1.98000,2.20000,51.132705,2.663556,1,10344,1,4.800000,1,124,-14.75,12,0
11/07/2018 14:45:21 ,20,1,1.05000,1,2.02000,2.28000,51.132701,2.663538,1,10434,1,5.000000,1,124,-14.75,12,0
11/07/2018 14:45:22 ,14,1,1.05000,1,2.02000,2.28000,51.132694,2.663532,1,11023,1,4.300000,1,124,-14.75,12,0
11/07/2018 14:45:23 ,20,1,0.97000,1,1.98000,2.20000,51.132690,2.663522,1,11113,1,3.800000,1,124,-14.75,12,0
11/07/2018 14:45:24 ,20,1,0.97000,1,1.98000,2.20000,51.132682,2.663510,1,11142,1,3.900000,1,124,-14.75,12,0
11/07/2018 14:45:26 ,20,1,0.97000,1,2.14000,2.38000,51.132671,2.663489,1,411,1,3.900000,1,124,-14.75,12,0
11/07/2018 14:45:27 ,14,1,1.08000,1,2.48000,2.70000,51.132667,2.663475,1,1404,1,2.900000,1,124,-14.75,12,0
11/07/2018 14:45:28 ,20,1,0.97000,1,1.98000,2.20000,51.132663,2.663460,1,2321,1,3.000000,1,124,-14.75,12,0
11/07/2018 14:45:29 ,14,1,0.97000,1,1.98000,2.20000,51.132659,2.663447,1,2421,1,3.200000,1,124,-14.75,12,0
11/07/2018 14:45:30 ,14,1,0.97000,1,1.98000,2.20000,51.132656,2.663436,1,3010,1,2.500000,1,124,-14.75,12,0
11/07/2018 14:45:32 ,20,1,0.97000,1,1.98000,2.20000,51.132648,2.663400,1,3030,1,3.100000,1,124,-14.75,12,0
11/07/2018 14:45:34 ,20,1,0.97000,1,1.98000,2.20000,51.132625,2.663370,1,3042,1,0.500000,1,124,-14.75,12,0
11/07/2018 14:45:36 ,20,1,0.97000,1,1.98000,2.20000,51.132617,2.663332,1,3103,1,0.400000,1,124,-14.75,12,0
11/07/2018 14:45:38 ,14,1,0.97000,1,1.98000,2.20000,51.132598,2.663302,1,3140,1,-0.600000,1,124,-14.75,12,0
11/07/2018 14:45:40 ,20,1,0.97000,1,1.98000,2.20000,51.132587,2.663265,1,3201,1,0.100000,1,124,-14.75,12,0
11/07/2018 14:45:42 ,14,1,0.97000,1,1.98000,2.20000,51.132579,2.663225,1,3221,1,0.200000,1,124,-14.75,12,0
11/07/2018 14:45:44 ,20,1,0.97000,1,1.98000,2.20000,51.132572,2.663184,1,3223,1,-0.600000,1,124,-14.75,12,0
11/07/2018 14:45:46 ,14,1,0.97000,1,1.98000,2.20000,51.132560,2.663151,1,3302,1,-0.500000,1,124,-14.75,12,0
11/07/2018 14:45:48 ,14,1,0.97000,1,1.98000,2.20000,51.132549,2.663118,1,3323,1,0.700000,1,124,-14.75,12,0
11/07/2018 14:45:50 ,20,1,0.97000,1,1.98000,2.20000,51.132541,2.663089,1,3403,1,0.400000,1,124,-14.75,12,0
11/07/2018 14:45:52 ,20,1,0.97000,1,1.98000,2.20000,51.132530,2.663054,1,3430,1,0.000000,1,124,-14.75,12,0
11/07/2018 14:45:54 ,20,1,0.97000,1,1.98000,2.20000,51.132518,2.663032,1,4021,1,-1.000000,1,124,-14.75,12,0
11/07/2018 14:45:54 ,20,1,0.97000,1,1.98000,2.20000,51.132518,2.663032,1,4021,1,-1.000000,1,125,-12.25,12,1
11/07/2018 14:45:55 ,14,1,0.98000,1,2.21000,2.42000,51.132511,2.663031,1,4222,1,-1.500000,1,125,-12.25,12,0
11/07/2018 14:45:57 ,20,1,0.97000,1,1.98000,2.20000,51.132495,2.663024,1,4232,1,-2.400000,1,125,-12.25,12,0
11/07/2018 14:45:59 ,20,1,0.97000,1,1.98000,2.20000,51.132495,2.663018,1,4243,1,-1.900000,1,125,-12.25,12,0
11/07/2018 14:46:01 ,20,1,0.97000,1,1.98000,2.20000,51.132499,2.663016,1,4313,1,-1.300000,1,125,-12.25,12,0
11/07/2018 14:46:03 ,20,1,0.97000,1,1.98000,2.20000,51.132503,2.663020,1,4344,1,0.100000,1,125,-12.25,12,0
11/07/2018 14:46:05 ,14,1,0.97000,1,1.98000,2.20000,51.132503,2.663020,1,4421,1,0.400000,1,125,-12.25,12,0
11/07/2018 14:46:07 ,14,1,0.97000,1,1.98000,2.20000,51.132503,2.663020,1,4441,1,0.900000,1,125,-12.25,12,0
11/07/2018 14:46:09 ,14,1,0.97000,1,1.98000,2.20000,51.132503,2.663022,1,10003,1,1.200000,1,125,-12.25,12,0
11/07/2018 14:46:10 ,14,1,0.97000,1,1.98000,2.20000,51.132503,2.663020,1,10040,1,1.700000,1,125,-12.25,12,0
11/07/2018 14:46:11 ,13,1,0.98000,1,2.21000,2.42000,51.132503,2.663019,1,10140,1,1.900000,1,125,-12.25,12,0
11/07/2018 14:46:12 ,14,1,0.97000,1,1.98000,2.20000,51.132499,2.663020,1,10220,1,1.800000,1,125,-12.25,12,0
11/07/2018 14:46:13 ,14,1,0.97000,1,1.98000,2.20000,51.132499,2.663020,1,10304,1,2.000000,1,125,-12.25,12,0
11/07/2018 14:46:14 ,14,1,0.97000,1,1.98000,2.20000,51.132499,2.663020,1,10342,1,2.000000,1,125,-12.25,12,0
11/07/2018 14:46:15 ,14,1,0.97000,1,1.98000,2.20000,51.132503,2.663020,1,10433,1,2.200000,1,125,-12.25,12,0
11/07/2018 14:46:17 ,14,1,0.98000,1,2.21000,2.42000,51.132503,2.663020,1,11012,1,2.700000,1,125,-12.25,12,0
11/07/2018 14:46:19 ,14,1,0.97000,1,1.97000,2.20000,51.132507,2.663020,1,11011,1,2.900000,1,125,-12.25,12,0
11/07/2018 14:46:21 ,14,1,0.97000,1,1.97000,2.20000,51.132507,2.663017,1,11100,1,2.900000,1,125,-12.25,12,0
11/07/2018 14:46:22 ,14,1,0.97000,1,1.97000,2.20000,51.132507,2.663017,1,430,1,2.700000,1,-123,-14.00,12,1
11/07/2018 14:46:23 ,14,1,0.97000,1,1.97000,2.20000,51.132507,2.663016,1,2042,1,2.500000,1,-123,-14.00,12,0
11/07/2018 14:46:25 ,14,1,0.97000,1,1.97000,2.20000,51.132507,2.663017,1,2432,1,2.200000,1,-123,-14.00,12,0
11/07/2018 14:46:27 ,14,1,0.97000,1,1.97000,2.20000,51.132511,2.663009,1,2432,1,2.200000,1,-123,-14.00,12,0
11/07/2018 14:46:29 ,14,1,1.15000,1,2.16000,2.44000,51.132511,2.663005,1,3024,1,2.200000,1,-123,-14.00,12,0
11/07/2018 14:46:31 ,14,1,1.05000,1,2.16000,2.40000,51.132511,2.663003,1,2202,1,2.500000,1,125,-10.75,12,1
11/07/2018 14:46:31 ,14,1,1.05000,1,2.16000,2.40000,51.132511,2.663003,1,2202,1,2.500000,1,125,-10.75,12,0
11/07/2018 14:46:33 ,14,1,1.05000,1,2.16000,2.40000,51.132511,2.662999,1,3012,1,2.100000,1,125,-10.75,12,0
11/07/2018 14:46:35 ,14,1,0.97000,1,1.97000,2.20000,51.132511,2.663004,1,3040,1,1.700000,1,125,-10.75,12,0
11/07/2018 14:46:36 ,14,1,0.97000,1,1.97000,2.20000,51.132511,2.663007,1,3120,1,2.000000,1,125,-10.75,12,0
11/07/2018 14:46:37 ,14,1,0.97000,1,1.97000,2.20000,51.132507,2.663011,1,3210,1,1.600000,1,125,-10.75,12,0
11/07/2018 14:46:38 ,14,1,0.97000,1,1.97000,2.20000,51.132503,2.663012,1,3301,1,1.400000,1,125,-10.75,12,0
11/07/2018 14:46:39 ,14,1,0.97000,1,1.97000,2.20000,51.132503,2.663011,1,3341,1,1.000000,1,125,-10.75,12,0
11/07/2018 14:46:40 ,14,1,0.97000,1,1.97000,2.20000,51.132495,2.663008,1,3423,1,-0.100000,1,125,-10.75,12,0
11/07/2018 14:46:40 ,14,1,0.97000,1,1.97000,2.20000,51.132495,2.663008,1,3423,1,-0.100000,1,124,-13.25,12,1
11/07/2018 14:46:41 ,14,1,0.97000,1,1.97000,2.20000,51.132492,2.663008,1,4033,1,-0.100000,1,124,-13.25,12,0
11/07/2018 14:46:43 ,14,1,1.15000,1,2.16000,2.45000,51.132492,2.663008,1,4112,1,-0.600000,1,124,-13.25,12,0
11/07/2018 14:46:45 ,14,1,0.97000,1,1.97000,2.20000,51.132495,2.663006,1,4121,1,-0.600000,1,124,-13.25,12,0
11/07/2018 14:46:47 ,14,1,0.97000,1,1.97000,2.20000,51.132495,2.663006,1,4142,1,-1.000000,1,124,-13.25,12,0
11/07/2018 14:46:49 ,14,1,0.97000,1,1.97000,2.20000,51.132492,2.663010,1,4203,1,-0.900000,1,124,-13.25,12,0
11/07/2018 14:46:51 ,14,1,0.97000,1,1.97000,2.20000,51.132492,2.663008,1,4233,1,-1.300000,1,124,-13.25,12,0
11/07/2018 14:46:53 ,14,1,0.97000,1,1.97000,2.20000,51.132488,2.663004,1,4303,1,-1.300000,1,124,-13.25,12,0
11/07/2018 14:46:55 ,14,1,0.97000,1,1.97000,2.20000,51.132488,2.663006,1,4322,1,-1.100000,1,124,-13.25,12,0
11/07/2018 14:46:57 ,14,1,0.97000,1,1.97000,2.20000,51.132488,2.663007,1,4334,1,-0.900000,1,124,-13.25,12,0
11/07/2018 14:46:59 ,14,1,0.97000,1,1.97000,2.20000,51.132488,2.663009,1,4404,1,-0.600000,1,124,-13.25,12,0
11/07/2018 14:47:01 ,14,1,0.97000,1,1.97000,2.20000,51.132492,2.663009,1,4433,1,-0.100000,1,124,-13.25,12,0
11/07/2018 14:47:03 ,14,1,0.97000,1,1.97000,2.20000,51.132488,2.663013,1,4444,1,-0.100000,1,124,-13.25,12,0
11/07/2018 14:47:05 ,14,1,0.97000,1,1.97000,2.20000,51.132480,2.663035,1,10022,1,0.100000,1,124,-13.25,12,0
11/07/2018 14:47:07 ,14,1,0.97000,1,1.97000,2.20000,51.132469,2.663057,1,10034,1,0.500000,1,124,-13.25,12,0
11/07/2018 14:47:08 ,14,1,0.97000,1,1.97000,2.20000,51.132461,2.663067,1,202,1,1.000000,1,124,-13.25,12,1
11/07/2018 14:47:09 ,14,1,0.97000,1,1.97000,2.20000,51.132457,2.663076,1,1222,1,1.300000,1,124,-13.25,12,0
11/07/2018 14:47:10 ,14,1,0.97000,1,1.97000,2.20000,51.132450,2.663087,1,2230,1,1.900000,1,124,-13.25,12,0
11/07/2018 14:47:11 ,14,1,0.97000,1,1.97000,2.20000,51.132442,2.663100,1,3031,1,1.600000,1,124,-13.25,12,0
11/07/2018 14:47:13 ,14,1,0.97000,1,1.97000,2.20000,51.132431,2.663131,1,3101,1,1.600000,1,124,-13.25,12,0
11/07/2018 14:47:15 ,14,1,1.05000,1,2.15000,2.39000,51.132415,2.663155,1,3131,1,1.800000,1,124,-13.25,12,0
11/07/2018 14:47:17 ,14,1,0.97000,1,1.97000,2.20000,51.132404,2.663188,1,3144,1,2.200000,1,124,-13.25,12,0
11/07/2018 14:47:19 ,14,1,0.97000,1,1.97000,2.20000,51.132396,2.663220,1,3213,1,1.900000,1,124,-13.25,12,0
11/07/2018 14:47:21 ,14,1,0.97000,1,1.97000,2.20000,51.132392,2.663252,1,3231,1,2.300000,1,124,-13.25,12,0
11/07/2018 14:47:22 ,14,1,0.97000,1,1.97000,2.20000,51.132389,2.663270,1,3314,1,2.600000,1,124,-13.25,12,0
11/07/2018 14:47:23 ,14,1,1.16000,1,2.15000,2.44000,51.132389,2.663285,1,3412,1,3.200000,1,124,-13.25,12,0
11/07/2018 14:47:24 ,13,1,1.16000,1,2.15000,2.44000,51.132389,2.663302,1,3443,1,3.700000,1,124,-13.25,12,0
11/07/2018 14:47:25 ,13,1,1.16000,1,2.18000,2.46000,51.132389,2.663316,1,4112,1,4.300000,1,124,-13.25,12,0
11/07/2018 14:47:26 ,13,1,1.16000,1,2.15000,2.44000,51.132385,2.663333,1,4122,1,3.700000,1,124,-13.25,12,0
11/07/2018 14:47:27 ,13,1,1.16000,1,2.14000,2.44000,51.132385,2.663353,1,4210,1,3.900000,1,124,-13.25,12,0
11/07/2018 14:47:28 ,13,1,1.16000,1,2.14000,2.44000,51.132385,2.663370,1,4304,1,4.600000,1,124,-13.25,12,0
11/07/2018 14:47:29 ,13,1,1.16000,1,2.14000,2.44000,51.132385,2.663386,1,10020,1,4.400000,1,124,-13.25,12,0
11/07/2018 14:47:31 ,13,1,1.16000,1,2.14000,2.44000,51.132389,2.663420,1,10042,1,4.000000,1,124,-13.25,12,0
11/07/2018 14:47:33 ,13,1,0.98000,1,2.23000,2.43000,51.132392,2.663454,1,10043,1,3.900000,1,124,-13.25,12,0
11/07/2018 14:47:35 ,14,1,0.97000,1,1.97000,2.20000,51.132396,2.663491,1,10110,1,4.200000,1,124,-13.25,12,0
11/07/2018 14:47:37 ,14,1,0.97000,1,1.97000,2.20000,51.132400,2.663527,1,10123,1,4.200000,1,124,-13.25,12,0
11/07/2018 14:47:39 ,14,1,0.97000,1,1.97000,2.20000,51.132408,2.663560,1,10201,1,4.500000,1,124,-13.25,12,0
11/07/2018 14:47:41 ,14,1,0.97000,1,1.97000,2.20000,51.132415,2.663594,1,10220,1,4.700000,1,124,-13.25,12,0
11/07/2018 14:47:43 ,13,1,1.05000,1,2.14000,2.39000,51.132423,2.663627,1,10244,1,5.400000,1,124,-13.25,12,0
11/07/2018 14:47:45 ,14,1,0.97000,1,1.97000,2.20000,51.132431,2.663663,1,10304,1,4.800000,1,124,-13.25,12,0
11/07/2018 14:47:47 ,13,1,1.08000,1,2.02000,2.29000,51.132438,2.663702,1,10334,1,5.400000,1,124,-13.25,12,0
11/07/2018 14:47:49 ,14,1,0.97000,1,1.97000,2.20000,51.132438,2.663749,1,10412,1,5.300000,1,124,-13.25,12,0
11/07/2018 14:47:51 ,14,1,0.97000,1,1.97000,2.20000,51.132450,2.663777,1,10432,1,5.500000,1,124,-13.25,12,0
11/07/2018 14:47:53 ,14,1,0.97000,1,1.97000,2.20000,51.132461,2.663799,1,11030,1,5.800000,1,124,-13.25,12,0
11/07/2018 14:47:55 ,13,1,1.16000,1,2.18000,2.47000,51.132476,2.663831,1,11030,1,6.000000,1,124,-13.25,12,0
11/07/2018 14:47:57 ,13,1,1.16000,1,2.19000,2.48000,51.132492,2.663861,1,11044,1,6.200000,1,124,-13.25,12,0
11/07/2018 14:47:59 ,14,1,0.97000,1,1.97000,2.20000,51.132503,2.663898,1,11112,1,5.600000,1,124,-13.25,12,0
11/07/2018 14:48:01 ,14,1,0.97000,1,1.97000,2.20000,51.132514,2.663936,1,11122,1,4.600000,1,124,-13.25,12,0
11/07/2018 14:48:03 ,14,1,0.97000,1,1.97000,2.20000,51.132526,2.663972,1,1303,1,4.000000,1,-124,-18.25,12,1
11/07/2018 14:48:03 ,14,1,0.97000,1,1.97000,2.20000,51.132526,2.663972,1,1303,1,4.000000,1,-124,-18.25,12,0
11/07/2018 14:48:05 ,14,1,1.05000,1,2.03000,2.29000,51.132534,2.664012,1,2444,1,3.600000,1,-124,-18.25,12,0
11/07/2018 14:48:07 ,14,1,0.97000,1,1.97000,2.20000,51.132549,2.664047,1,3011,1,3.300000,1,-124,-18.25,12,0
11/07/2018 14:48:09 ,14,1,0.98000,1,2.23000,2.44000,51.132556,2.664093,1,3034,1,2.100000,1,-124,-18.25,12,0
11/07/2018 14:48:10 ,14,1,1.05000,1,2.03000,2.29000,51.132560,2.664111,1,3120,1,2.500000,1,-124,-18.25,12,0
11/07/2018 14:48:11 ,14,1,0.97000,1,1.97000,2.20000,51.132568,2.664128,1,3204,1,2.800000,1,-124,-18.25,12,0
11/07/2018 14:48:12 ,14,1,0.97000,1,1.97000,2.20000,51.132572,2.664151,1,3030,1,2.100000,1,125,-10.75,12,1
11/07/2018 14:48:13 ,14,1,0.97000,1,1.97000,2.20000,51.132575,2.664171,1,3122,1,1.800000,1,125,-10.75,12,0
11/07/2018 14:48:14 ,14,1,0.97000,1,1.97000,2.20000,51.132579,2.664188,1,3203,1,1.900000,1,125,-10.75,12,0
11/07/2018 14:48:15 ,14,1,0.97000,1,1.97000,2.20000,51.132587,2.664206,1,3300,1,2.300000,1,125,-10.75,12,0
11/07/2018 14:48:16 ,14,1,0.97000,1,1.97000,2.20000,51.132591,2.664224,1,3340,1,2.800000,1,125,-10.75,12,0
11/07/2018 14:48:17 ,14,1,0.97000,1,1.97000,2.20000,51.132602,2.664232,1,3423,1,3.200000,1,125,-10.75,12,0
11/07/2018 14:48:18 ,14,1,0.97000,1,1.97000,2.20000,51.132621,2.664248,1,4011,1,4.700000,1,125,-10.75,12,0
11/07/2018 14:48:19 ,14,1,0.97000,1,1.97000,2.20000,51.132633,2.664268,1,4100,1,5.900000,1,125,-10.75,12,0
11/07/2018 14:48:20 ,14,1,0.97000,1,1.97000,2.20000,51.132633,2.664284,1,4143,1,5.800000,1,125,-10.75,12,0
11/07/2018 14:48:21 ,14,1,0.97000,1,1.97000,2.20000,51.132637,2.664294,1,4232,1,6.300000,1,125,-10.75,12,0
11/07/2018 14:48:21 ,14,1,0.97000,1,1.97000,2.20000,51.132637,2.664294,1,4232,1,6.300000,1,125,-11.25,12,1
11/07/2018 14:48:22 ,14,1,1.05000,1,2.14000,2.38000,51.132637,2.664310,1,4343,1,6.900000,1,125,-11.25,12,0
11/07/2018 14:48:23 ,13,1,1.05000,1,2.04000,2.29000,51.132637,2.664324,1,4434,1,6.700000,1,125,-11.25,12,0
11/07/2018 14:48:24 ,12,1,1.16000,1,2.27000,2.55000,51.132640,2.664340,1,10021,1,7.000000,1,125,-11.25,12,0
11/07/2018 14:48:25 ,12,1,1.16000,1,2.27000,2.55000,51.132644,2.664352,1,10132,1,7.700000,1,125,-11.25,12,0
11/07/2018 14:48:26 ,13,1,1.05000,1,2.04000,2.29000,51.132644,2.664355,1,10142,1,7.300000,1,125,-11.25,12,0
11/07/2018 14:48:27 ,13,1,1.24000,1,2.28000,2.59000,51.132644,2.664376,1,10233,1,7.100000,1,125,-11.25,12,0
11/07/2018 14:48:28 ,13,1,1.24000,1,2.28000,2.59000,51.132648,2.664394,1,10324,1,7.100000,1,125,-11.25,12,0
11/07/2018 14:48:29 ,13,1,1.17000,1,2.19000,2.49000,51.132652,2.664409,1,10420,1,7.700000,1,125,-11.25,12,0
11/07/2018 14:48:30 ,13,1,1.24000,1,2.28000,2.59000,51.132656,2.664425,1,11103,1,7.900000,1,124,-13.25,12,1
11/07/2018 14:48:30 ,13,1,1.24000,1,2.28000,2.59000,51.132656,2.664425,1,11103,1,7.900000,1,124,-13.25,12,0
11/07/2018 14:48:31 ,13,1,1.05000,1,2.04000,2.29000,51.132659,2.664432,1,11201,1,8.100001,1,124,-13.25,12,0
11/07/2018 14:48:33 ,12,1,1.16000,1,2.04000,2.29000,51.132667,2.664463,1,14,1,8.200000,1,124,-13.25,12,0
11/07/2018 14:48:34 ,14,1,1.05000,1,2.04000,2.29000,51.132667,2.664485,1,1432,1,8.200000,1,124,-13.25,12,0
11/07/2018 14:48:35 ,14,1,1.05000,1,2.04000,2.29000,51.132671,2.664508,1,2341,1,7.900000,1,124,-13.25,12,0
11/07/2018 14:48:36 ,13,1,1.05000,1,2.04000,2.29000,51.132678,2.664523,1,2430,1,8.200000,1,124,-13.25,12,0
11/07/2018 14:48:37 ,13,1,1.05000,1,2.04000,2.29000,51.132682,2.664543,1,3014,1,7.700000,1,124,-13.25,12,0
11/07/2018 14:48:38 ,14,1,1.05000,1,2.04000,2.29000,51.132686,2.664556,1,3100,1,8.200000,1,124,-13.25,12,0
11/07/2018 14:48:39 ,14,1,0.97000,1,1.97000,2.19000,51.132690,2.664578,1,3134,1,7.300000,1,124,-13.25,12,0
11/07/2018 14:48:40 ,14,1,0.97000,1,1.97000,2.19000,51.132694,2.664593,1,314,1,7.300000,1,123,-9.75,12,1
11/07/2018 14:48:41 ,13,1,1.08000,1,2.02000,2.29000,51.132701,2.664611,1,1324,1,7.800000,1,123,-9.75,12,0
11/07/2018 14:48:42 ,13,1,1.17000,1,2.20000,2.49000,51.132705,2.664637,1,2332,1,7.000000,1,123,-9.75,12,0
11/07/2018 14:48:43 ,14,1,1.24000,1,2.29000,2.60000,51.132717,2.664663,1,2421,1,6.800000,1,123,-9.75,12,0
11/07/2018 14:48:44 ,14,1,0.97000,1,1.97000,2.19000,51.132717,2.664685,1,2444,1,6.100000,1,123,-9.75,12,0
11/07/2018 14:48:45 ,13,1,1.17000,1,2.20000,2.49000,51.132720,2.664707,1,3043,1,5.800000,1,123,-9.75,12,0
11/07/2018 14:48:46 ,14,1,1.17000,1,2.20000,2.49000,51.132724,2.664725,1,3124,1,5.800000,1,123,-9.75,12,0
11/07/2018 14:48:47 ,14,1,1.17000,1,2.20000,2.49000,51.132724,2.664742,1,3304,1,4.400000,1,123,-9.75,12,0
11/07/2018 14:48:48 ,14,1,1.17000,1,2.20000,2.49000,51.132724,2.664762,1,3323,1,3.500000,1,123,-9.75,12,0
11/07/2018 14:48:49 ,13,1,1.17000,1,2.20000,2.49000,51.132728,2.664778,1,1130,1,3.300000,1,125,-9.25,12,1
11/07/2018 14:48:50 ,13,1,1.17000,1,2.20000,2.49000,51.132732,2.664795,1,2420,1,2.700000,1,125,-9.25,12,0
11/07/2018 14:48:51 ,14,1,0.97000,1,1.97000,2.19000,51.132740,2.664814,1,3010,1,3.200000,1,125,-9.25,12,0
11/07/2018 14:48:52 ,14,1,0.97000,1,1.97000,2.19000,51.132743,2.664834,1,3101,1,3.300000,1,125,-9.25,12,0
11/07/2018 14:48:53 ,14,1,0.97000,1,1.97000,2.19000,51.132751,2.664853,1,3142,1,3.300000,1,125,-9.25,12,0
11/07/2018 14:48:54 ,14,1,0.97000,1,1.97000,2.19000,51.132751,2.664871,1,3330,1,2.800000,1,125,-9.25,12,0
11/07/2018 14:48:55 ,14,1,0.97000,1,1.97000,2.19000,51.132755,2.664891,1,3422,1,3.100000,1,125,-9.25,12,0
11/07/2018 14:48:56 ,14,1,0.97000,1,1.97000,2.19000,51.132759,2.664908,1,4003,1,2.800000,1,125,-9.25,12,0
11/07/2018 14:48:57 ,14,1,0.97000,1,1.96000,2.19000,51.132755,2.664926,1,4043,1,1.700000,1,125,-9.25,12,0
11/07/2018 14:48:58 ,14,1,0.97000,1,1.96000,2.19000,51.132755,2.664943,1,2402,1,1.800000,1,124,-4.00,12,1
11/07/2018 14:48:59 ,14,1,0.97000,1,1.96000,2.19000,51.132762,2.664957,1,3012,1,3.100000,1,124,-4.00,12,0
11/07/2018 14:49:00 ,14,1,0.97000,1,1.96000,2.19000,51.132770,2.664963,1,3043,1,3.300000,1,124,-4.00,12,0
11/07/2018 14:49:01 ,14,1,0.97000,1,1.96000,2.19000,51.132770,2.664965,1,3203,1,3.400000,1,124,-4.00,12,0
11/07/2018 14:49:02 ,14,1,0.97000,1,1.96000,2.19000,51.132766,2.664967,1,3300,1,3.200000,1,124,-4.00,12,0
11/07/2018 14:49:03 ,14,1,0.97000,1,1.96000,2.19000,51.132770,2.664971,1,3334,1,3.300000,1,124,-4.00,12,0
11/07/2018 14:49:04 ,14,1,0.97000,1,1.96000,2.19000,51.132774,2.664981,1,3401,1,3.000000,1,124,-4.00,12,0
11/07/2018 14:49:05 ,14,1,0.97000,1,1.96000,2.19000,51.132778,2.664991,1,4012,1,2.800000,1,124,-4.00,12,0
11/07/2018 14:49:06 ,14,1,0.97000,1,1.96000,2.19000,51.132778,2.664998,1,4103,1,1.900000,1,124,-4.00,12,0
11/07/2018 14:49:07 ,14,1,1.08000,1,2.02000,2.29000,51.132778,2.664999,1,4144,1,1.800000,1,124,-4.00,12,0
11/07/2018 14:49:07 ,14,1,1.08000,1,2.02000,2.29000,51.132778,2.664999,1,4144,1,1.800000,1,124,-10.75,12,1
11/07/2018 14:49:08 ,14,1,0.97000,1,1.96000,2.19000,51.132781,2.665000,1,4300,1,2.100000,1,124,-10.75,12,0
11/07/2018 14:49:10 ,14,1,0.97000,1,1.96000,2.19000,51.132781,2.665016,1,4242,1,2.000000,1,124,-10.75,12,0
11/07/2018 14:49:12 ,14,1,0.97000,1,1.96000,2.19000,51.132793,2.665041,1,4314,1,2.600000,1,124,-10.75,12,0
11/07/2018 14:49:14 ,14,1,0.97000,1,1.96000,2.19000,51.132804,2.665068,1,4340,1,1.500000,1,124,-10.75,12,0
11/07/2018 14:49:16 ,14,1,0.97000,1,1.96000,2.19000,51.132812,2.665109,1,4410,1,1.000000,1,124,-10.75,12,0
11/07/2018 14:49:16 ,14,1,0.97000,1,1.96000,2.19000,51.132812,2.665109,1,10411,1,1.000000,1,123,-7.75,12,1
11/07/2018 14:49:17 ,14,1,0.97000,1,1.96000,2.19000,51.132816,2.665127,1,10433,1,0.800000,1,123,-7.75,12,0
11/07/2018 14:49:19 ,14,1,0.97000,1,1.96000,2.19000,51.132823,2.665163,1,11001,1,1.100000,1,123,-7.75,12,0
11/07/2018 14:49:21 ,14,1,0.97000,1,1.96000,2.19000,51.132827,2.665200,1,11022,1,1.100000,1,123,-7.75,12,0
11/07/2018 14:49:23 ,13,1,1.04000,1,2.12000,2.36000,51.132827,2.665207,1,11121,1,1.200000,1,123,-7.75,12,0
11/07/2018 14:49:24 ,13,1,1.04000,1,2.12000,2.36000,51.132827,2.665210,1,11131,1,1.400000,1,123,-7.75,12,0
11/07/2018 14:49:26 ,13,1,1.04000,1,2.12000,2.36000,51.132827,2.665211,1,11201,1,2.200000,1,123,-7.75,12,0
11/07/2018 14:49:28 ,14,1,1.04000,1,2.12000,2.36000,51.132831,2.665207,1,11230,1,3.100000,1,123,-7.75,12,0
11/07/2018 14:49:30 ,14,1,0.97000,1,2.12000,2.36000,51.132827,2.665213,1,102,1,2.300000,1,123,-7.75,12,0
11/07/2018 14:49:31 ,14,1,0.97000,1,1.96000,2.19000,51.132823,2.665218,1,2034,1,2.600000,1,123,-7.75,12,0
11/07/2018 14:49:32 ,14,1,0.97000,1,1.96000,2.19000,51.132827,2.665230,1,3002,1,0.900000,1,123,-7.75,12,0
11/07/2018 14:49:33 ,14,1,0.97000,1,1.96000,2.19000,51.132827,2.665250,1,3101,1,0.000000,1,123,-7.75,12,0
11/07/2018 14:49:34 ,14,1,0.97000,1,1.96000,2.19000,51.132831,2.665269,1,3140,1,0.000000,1,123,-7.75,12,0
11/07/2018 14:49:35 ,14,1,0.97000,1,1.96000,2.19000,51.132839,2.665288,1,423,1,-0.600000,1,124,-11.75,12,1
11/07/2018 14:49:36 ,14,1,0.97000,1,1.96000,2.19000,51.132843,2.665305,1,2411,1,-0.600000,1,124,-11.75,12,0
11/07/2018 14:49:37 ,14,1,0.97000,1,1.96000,2.19000,51.132846,2.665320,1,3104,1,-0.700000,1,124,-11.75,12,0
11/07/2018 14:49:38 ,14,1,0.97000,1,1.96000,2.19000,51.132850,2.665338,1,3144,1,-0.400000,1,124,-11.75,12,0
11/07/2018 14:49:39 ,13,1,1.08000,1,2.02000,2.29000,51.132854,2.665356,1,3241,1,-0.100000,1,124,-11.75,12,0
11/07/2018 14:49:40 ,14,1,1.08000,1,2.02000,2.29000,51.132858,2.665374,1,3321,1,-0.400000,1,124,-11.75,12,0
11/07/2018 14:49:41 ,14,1,0.97000,1,1.96000,2.19000,51.132865,2.665387,1,3412,1,1.100000,1,124,-11.75,12,0
11/07/2018 14:49:42 ,14,1,0.97000,1,1.96000,2.19000,51.132869,2.665406,1,3434,1,1.000000,1,124,-11.75,12,0
11/07/2018 14:49:43 ,14,1,0.97000,1,1.96000,2.19000,51.132873,2.665421,1,4032,1,1.300000,1,124,-11.75,12,0
11/07/2018 14:49:44 ,14,1,0.97000,1,1.96000,2.19000,51.132881,2.665438,1,2204,1,1.000000,1,124,-10.50,12,1
11/07/2018 14:49:45 ,14,1,0.97000,1,1.96000,2.19000,51.132884,2.665454,1,3010,1,0.900000,1,124,-10.50,12,0
11/07/2018 14:49:46 ,14,1,0.97000,1,1.96000,2.19000,51.132888,2.665474,1,3042,1,1.000000,1,124,-10.50,12,0
11/07/2018 14:49:47 ,14,1,0.97000,1,1.96000,2.19000,51.132892,2.665489,1,3210,1,0.900000,1,124,-10.50,12,0
11/07/2018 14:49:48 ,14,1,0.97000,1,1.96000,2.19000,51.132904,2.665510,1,3222,1,3.100000,1,124,-10.50,12,0
11/07/2018 14:49:49 ,14,1,0.97000,1,1.96000,2.19000,51.132907,2.665529,1,3312,1,3.000000,1,124,-10.50,12,0
11/07/2018 14:49:50 ,14,1,0.97000,1,1.96000,2.19000,51.132915,2.665546,1,3344,1,3.000000,1,124,-10.50,12,0
11/07/2018 14:49:51 ,14,1,0.97000,1,1.96000,2.19000,51.132923,2.665564,1,3433,1,3.300000,1,124,-10.50,12,0
11/07/2018 14:49:52 ,14,1,0.97000,1,1.96000,2.19000,51.132930,2.665582,1,4030,1,3.100000,1,124,-10.50,12,0
11/07/2018 14:49:53 ,14,1,0.97000,1,1.96000,2.19000,51.132938,2.665597,1,3434,1,2.900000,1,124,-10.75,12,1
11/07/2018 14:49:54 ,14,1,0.97000,1,1.96000,2.19000,51.132942,2.665615,1,4022,1,3.000000,1,124,-10.75,12,0
11/07/2018 14:49:55 ,14,1,0.97000,1,1.96000,2.19000,51.132946,2.665627,1,4112,1,3.300000,1,124,-10.75,12,0
11/07/2018 14:49:56 ,13,1,1.04000,1,2.11000,2.35000,51.132953,2.665638,1,4223,1,3.100000,1,124,-10.75,12,0
11/07/2018 14:49:57 ,14,1,0.97000,1,1.96000,2.19000,51.132957,2.665653,1,4241,1,3.000000,1,124,-10.75,12,0
11/07/2018 14:49:58 ,14,1,0.97000,1,1.96000,2.19000,51.132965,2.665670,1,4323,1,3.600000,1,124,-10.75,12,0
11/07/2018 14:49:59 ,14,1,0.97000,1,1.96000,2.19000,51.132968,2.665685,1,4413,1,3.400000,1,124,-10.75,12,0
11/07/2018 14:50:00 ,14,1,0.97000,1,1.96000,2.19000,51.132972,2.665700,1,4432,1,2.900000,1,124,-10.75,12,0
11/07/2018 14:50:01 ,14,1,0.97000,1,1.96000,2.19000,51.132972,2.665714,1,10134,1,3.400000,1,124,-10.75,12,0
11/07/2018 14:50:02 ,14,1,0.97000,1,1.96000,2.19000,51.132976,2.665724,1,10213,1,2.900000,1,124,-11.50,12,1
11/07/2018 14:50:02 ,14,1,0.97000,1,1.96000,2.19000,51.132976,2.665724,1,10213,1,2.900000,1,124,-11.50,12,0
11/07/2018 14:50:03 ,14,1,0.97000,1,1.96000,2.19000,51.132984,2.665737,1,10324,1,2.900000,1,124,-11.50,12,0
11/07/2018 14:50:04 ,14,1,0.97000,1,1.96000,2.19000,51.132987,2.665759,1,10412,1,2.200000,1,124,-11.50,12,0
11/07/2018 14:50:05 ,13,1,1.05000,1,2.04000,2.29000,51.132987,2.665778,1,11012,1,2.300000,1,124,-11.50,12,0
11/07/2018 14:50:06 ,14,1,0.97000,1,1.96000,2.18000,51.132991,2.665799,1,11043,1,1.700000,1,124,-11.50,12,0
11/07/2018 14:50:07 ,14,1,0.97000,1,1.96000,2.18000,51.132991,2.665819,1,11133,1,0.600000,1,124,-11.50,12,0
11/07/2018 14:50:08 ,14,1,0.97000,1,1.96000,2.18000,51.132995,2.665833,1,11444,1,0.700000,1,124,-11.50,12,0
11/07/2018 14:50:10 ,14,1,0.97000,1,1.96000,2.18000,51.133007,2.665869,1,402,1,0.200000,1,124,-11.50,12,0
11/07/2018 14:50:11 ,14,1,0.97000,1,1.96000,2.18000,51.133010,2.665885,1,2431,1,0.300000,1,124,-11.50,12,0
11/07/2018 14:50:11 ,14,1,0.97000,1,1.96000,2.18000,51.133010,2.665885,1,12002,1,0.300000,1,124,-12.50,12,1
11/07/2018 14:50:13 ,14,1,0.97000,1,1.96000,2.18000,51.133018,2.665922,1,442,1,-0.400000,1,124,-12.50,12,0
11/07/2018 14:50:14 ,14,1,1.04000,1,2.11000,2.35000,51.133022,2.665940,1,2430,1,-0.500000,1,124,-12.50,12,0
11/07/2018 14:50:15 ,14,1,0.97000,1,1.96000,2.18000,51.133029,2.665955,1,3014,1,-0.300000,1,124,-12.50,12,0
11/07/2018 14:50:16 ,14,1,0.97000,1,1.96000,2.18000,51.133037,2.665967,1,3112,1,0.100000,1,124,-12.50,12,0
11/07/2018 14:50:17 ,14,1,0.97000,1,1.96000,2.18000,51.133041,2.665979,1,3144,1,0.300000,1,124,-12.50,12,0
11/07/2018 14:50:18 ,14,1,0.97000,1,1.95000,2.18000,51.133045,2.665980,1,3302,1,0.200000,1,124,-12.50,12,0
11/07/2018 14:50:19 ,14,1,0.97000,1,1.95000,2.18000,51.133052,2.665989,1,3314,1,0.500000,1,124,-12.50,12,0
11/07/2018 14:50:20 ,14,1,0.97000,1,1.95000,2.18000,51.133060,2.666001,1,3433,1,0.700000,1,124,-12.50,12,0
11/07/2018 14:50:21 ,14,1,1.19000,1,2.22000,2.52000,51.133064,2.666020,1,242,1,0.300000,1,124,-9.75,12,1
11/07/2018 14:50:22 ,14,1,0.97000,1,1.95000,2.18000,51.133071,2.666036,1,2223,1,0.300000,1,124,-9.75,12,0
11/07/2018 14:50:23 ,14,1,1.26000,1,2.33000,2.65000,51.133075,2.666054,1,3111,1,0.400000,1,124,-9.75,12,0
11/07/2018 14:50:24 ,14,1,0.97000,1,1.95000,2.18000,51.133083,2.666065,1,3140,1,1.200000,1,124,-9.75,12,0
11/07/2018 14:50:25 ,13,1,1.09000,1,2.02000,2.29000,51.133090,2.666079,1,3310,1,1.600000,1,124,-9.75,12,0
11/07/2018 14:50:26 ,13,1,1.09000,1,2.02000,2.29000,51.133094,2.666097,1,3424,1,1.900000,1,124,-9.75,12,0
11/07/2018 14:50:27 ,13,1,1.31000,1,2.37000,2.71000,51.133098,2.666126,1,4020,1,1.900000,1,124,-9.75,12,0
11/07/2018 14:50:28 ,14,1,0.97000,1,1.95000,2.18000,51.133098,2.666140,1,4043,1,2.300000,1,124,-9.75,12,0
11/07/2018 14:50:29 ,13,1,1.04000,1,2.10000,2.34000,51.133106,2.666161,1,4141,1,3.000000,1,124,-9.75,12,0
11/07/2018 14:50:30 ,12,1,1.31000,1,2.37000,2.71000,51.133110,2.666184,1,2024,1,2.300000,1,124,-10.50,12,1
11/07/2018 14:50:31 ,13,1,2.54000,1,3.81000,4.58000,51.133117,2.666203,1,3034,1,1.900000,1,124,-10.50,12,0
11/07/2018 14:50:32 ,14,1,1.29000,1,2.29000,2.63000,51.133121,2.666219,1,3123,1,1.500000,1,124,-10.50,12,0
11/07/2018 14:50:33 ,13,1,1.24000,1,2.31000,2.62000,51.133129,2.666235,1,3213,1,1.300000,1,124,-10.50,12,0
11/07/2018 14:50:34 ,14,1,1.19000,1,2.23000,2.53000,51.133132,2.666251,1,3320,1,1.300000,1,124,-10.50,12,0
11/07/2018 14:50:35 ,14,1,0.97000,1,1.95000,2.18000,51.133140,2.666267,1,3412,1,1.300000,1,124,-10.50,12,0
11/07/2018 14:50:36 ,13,1,1.19000,1,2.23000,2.53000,51.133148,2.666282,1,3430,1,1.500000,1,124,-10.50,12,0
11/07/2018 14:50:37 ,14,1,0.97000,1,1.95000,2.18000,51.133155,2.666300,1,4010,1,1.600000,1,124,-10.50,12,0
11/07/2018 14:50:38 ,14,1,0.97000,1,1.95000,2.18000,51.133155,2.666311,1,4121,1,0.900000,1,124,-10.50,12,0
11/07/2018 14:50:39 ,14,1,0.97000,1,1.95000,2.18000,51.133159,2.666326,1,3320,1,1.000000,1,124,-11.25,12,1
11/07/2018 14:50:40 ,14,1,0.97000,1,1.95000,2.18000,51.133171,2.666343,1,3331,1,2.500000,1,124,-11.25,12,0
11/07/2018 14:50:41 ,14,1,0.97000,1,1.95000,2.18000,51.133178,2.666363,1,3420,1,2.500000,1,124,-11.25,12,0
11/07/2018 14:50:42 ,14,1,0.97000,1,1.95000,2.18000,51.133178,2.666379,1,4024,1,2.100000,1,124,-11.25,12,0
11/07/2018 14:50:43 ,14,1,0.97000,1,1.95000,2.18000,51.133182,2.666397,1,4043,1,2.000000,1,124,-11.25,12,0
11/07/2018 14:50:44 ,14,1,0.97000,1,1.95000,2.18000,51.133186,2.666412,1,4133,1,2.000000,1,124,-11.25,12,0
11/07/2018 14:50:45 ,14,1,0.97000,1,1.95000,2.18000,51.133193,2.666432,1,4224,1,1.700000,1,124,-11.25,12,0
11/07/2018 14:50:46 ,14,1,0.97000,1,1.95000,2.18000,51.133205,2.666449,1,4312,1,1.700000,1,124,-11.25,12,0
11/07/2018 14:50:47 ,14,1,0.97000,1,1.95000,2.18000,51.133213,2.666465,1,4400,1,2.400000,1,124,-11.25,12,0
11/07/2018 14:50:48 ,13,1,1.19000,1,2.23000,2.53000,51.133220,2.666480,1,4444,1,2.800000,1,124,-11.25,12,0
11/07/2018 14:50:48 ,13,1,1.19000,1,2.23000,2.53000,51.133220,2.666480,1,4444,1,2.800000,1,124,-9.00,12,1
11/07/2018 14:50:49 ,13,1,1.19000,1,2.23000,2.53000,51.133228,2.666496,1,10104,1,3.300000,1,124,-9.00,12,0
11/07/2018 14:50:50 ,13,1,1.20000,1,2.23000,2.53000,51.133232,2.666517,1,10242,1,3.600000,1,124,-9.00,12,0
11/07/2018 14:50:51 ,14,1,1.20000,1,2.23000,2.53000,51.133235,2.666536,1,10324,1,3.800000,1,124,-9.00,12,0
11/07/2018 14:50:52 ,14,1,0.97000,1,1.95000,2.18000,51.133251,2.666554,1,10413,1,5.000000,1,124,-9.00,12,0
11/07/2018 14:50:53 ,14,1,0.97000,1,1.95000,2.18000,51.133258,2.666569,1,11003,1,5.300000,1,124,-9.00,12,0
11/07/2018 14:50:54 ,13,1,1.20000,1,2.23000,2.53000,51.133266,2.666584,1,11100,1,5.600000,1,124,-9.00,12,0
11/07/2018 14:50:55 ,13,1,1.20000,1,2.23000,2.53000,51.133274,2.666601,1,11214,1,6.100000,1,124,-9.00,12,0
11/07/2018 14:50:57 ,13,1,1.20000,1,2.30000,2.64000,51.133289,2.666639,1,241,1,6.100000,1,124,-9.00,12,0
11/07/2018 14:50:57 ,14,1,1.09000,1,2.30000,2.64000,51.133289,2.666639,1,4330,1,6.600000,1,124,-11.25,12,1
11/07/2018 14:50:59 ,14,1,1.20000,1,2.23000,2.53000,51.133300,2.666679,1,312,1,6.700000,1,124,-11.25,12,0
11/07/2018 14:51:00 ,14,1,0.97000,1,1.95000,2.18000,51.133308,2.666699,1,2222,1,7.200000,1,124,-11.25,12,0
11/07/2018 14:51:01 ,13,1,1.03000,1,2.13000,2.37000,51.133312,2.666720,1,3122,1,7.000000,1,124,-11.25,12,0
11/07/2018 14:51:02 ,14,1,0.97000,1,1.95000,2.18000,51.133312,2.666740,1,3211,1,6.300000,1,124,-11.25,12,0
11/07/2018 14:51:03 ,14,1,0.97000,1,1.95000,2.18000,51.133319,2.666755,1,3302,1,6.900000,1,124,-11.25,12,0
11/07/2018 14:51:04 ,14,1,0.97000,1,1.95000,2.18000,51.133323,2.666768,1,3341,1,6.200000,1,124,-11.25,12,0
11/07/2018 14:51:05 ,14,1,0.97000,1,1.95000,2.18000,51.133331,2.666782,1,3430,1,6.100000,1,124,-11.25,12,0
11/07/2018 14:51:06 ,14,1,0.97000,1,1.95000,2.18000,51.133335,2.666798,1,4014,1,6.000000,1,124,-11.25,12,0
11/07/2018 14:51:07 ,14,1,0.97000,1,1.95000,2.18000,51.133346,2.666814,1,102,1,6.300000,1,124,-11.25,12,1
11/07/2018 14:51:08 ,14,1,1.09000,1,2.01000,2.29000,51.133354,2.666828,1,2200,1,6.400000,1,124,-11.25,12,0
11/07/2018 14:51:09 ,14,1,0.97000,1,1.95000,2.18000,51.133358,2.666848,1,3101,1,7.200000,1,124,-11.25,12,0
11/07/2018 14:51:10 ,14,1,0.97000,1,1.95000,2.18000,51.133361,2.666864,1,3134,1,7.200000,1,124,-11.25,12,0
11/07/2018 14:51:11 ,14,1,0.97000,1,1.95000,2.18000,51.133365,2.666878,1,3223,1,6.700000,1,124,-11.25,12,0
11/07/2018 14:51:12 ,14,1,1.03000,1,2.13000,2.36000,51.133369,2.666891,1,3331,1,5.800000,1,124,-11.25,12,0
11/07/2018 14:51:13 ,14,1,1.03000,1,2.13000,2.36000,51.133373,2.666903,1,3424,1,5.900000,1,124,-11.25,12,0
11/07/2018 14:51:14 ,14,1,0.97000,1,1.95000,2.17000,51.133377,2.666910,1,4012,1,5.400000,1,124,-11.25,12,0
11/07/2018 14:51:15 ,13,1,1.13000,1,2.13000,2.41000,51.133380,2.666924,1,4203,1,5.200000,1,124,-11.25,12,0
11/07/2018 14:51:16 ,14,1,1.02000,1,2.07000,2.31000,51.133384,2.666936,1,1404,1,5.300000,1,124,-8.50,12,1
11/07/2018 14:51:17 ,14,1,0.97000,1,1.95000,2.17000,51.133388,2.666951,1,3030,1,5.400000,1,124,-8.50,12,0
11/07/2018 14:51:18 ,14,1,0.97000,1,1.95000,2.17000,51.133392,2.666973,1,3114,1,5.700000,1,124,-8.50,12,0
11/07/2018 14:51:19 ,14,1,0.97000,1,1.95000,2.17000,51.133396,2.666995,1,3200,1,6.600000,1,124,-8.50,12,0
11/07/2018 14:51:20 ,14,1,0.98000,1,2.25000,2.45000,51.133396,2.667014,1,3241,1,6.700000,1,124,-8.50,12,0
11/07/2018 14:51:21 ,14,1,0.97000,1,1.94000,2.17000,51.133399,2.667028,1,3323,1,6.400000,1,124,-8.50,12,0
11/07/2018 14:51:22 ,13,1,0.98000,1,2.25000,2.45000,51.133407,2.667041,1,3422,1,6.500000,1,124,-8.50,12,0
11/07/2018 14:51:23 ,14,1,0.97000,1,1.94000,2.17000,51.133411,2.667054,1,4030,1,6.300000,1,124,-8.50,12,0
11/07/2018 14:51:24 ,14,1,0.97000,1,1.94000,2.17000,51.133415,2.667073,1,4040,1,6.300000,1,124,-8.50,12,0
11/07/2018 14:51:25 ,14,1,0.97000,1,1.94000,2.17000,51.133419,2.667092,1,3113,1,5.900000,1,123,-10.00,12,1
11/07/2018 14:51:26 ,14,1,0.97000,1,1.94000,2.17000,51.133419,2.667104,1,3221,1,5.900000,1,123,-10.00,12,0
11/07/2018 14:51:27 ,14,1,0.97000,1,1.94000,2.17000,51.133415,2.667119,1,3313,1,4.100000,1,123,-10.00,12,0
11/07/2018 14:51:28 ,14,1,0.97000,1,1.94000,2.17000,51.133415,2.667136,1,3330,1,3.700000,1,123,-10.00,12,0
11/07/2018 14:51:29 ,14,1,0.97000,1,1.94000,2.17000,51.133419,2.667154,1,3414,1,2.900000,1,123,-10.00,12,0
11/07/2018 14:51:30 ,14,1,0.97000,1,1.94000,2.17000,51.133426,2.667170,1,4000,1,2.800000,1,123,-10.00,12,0
11/07/2018 14:51:31 ,14,1,0.97000,1,1.94000,2.17000,51.133434,2.667186,1,4040,1,2.900000,1,123,-10.00,12,0
11/07/2018 14:51:32 ,14,1,0.97000,1,1.94000,2.17000,51.133441,2.667201,1,4132,1,3.000000,1,123,-10.00,12,0
11/07/2018 14:51:33 ,14,1,0.97000,1,1.94000,2.17000,51.133449,2.667216,1,4222,1,2.300000,1,123,-10.00,12,0
11/07/2018 14:51:34 ,14,1,0.97000,1,1.94000,2.17000,51.133457,2.667230,1,4310,1,2.200000,1,123,-10.00,12,0
11/07/2018 14:51:34 ,14,1,0.97000,1,1.94000,2.17000,51.133457,2.667230,1,4310,1,2.200000,1,127,-12.75,12,1
11/07/2018 14:51:35 ,14,1,0.97000,1,1.94000,2.17000,51.133460,2.667245,1,4442,1,2.200000,1,127,-12.75,12,0
11/07/2018 14:51:36 ,14,1,0.97000,1,1.94000,2.17000,51.133460,2.667258,1,10030,1,1.400000,1,127,-12.75,12,0
11/07/2018 14:51:37 ,14,1,0.97000,1,1.94000,2.17000,51.133464,2.667271,1,10121,1,0.800000,1,127,-12.75,12,0
11/07/2018 14:51:38 ,14,1,0.97000,1,1.94000,2.17000,51.133472,2.667282,1,10200,1,-0.100000,1,127,-12.75,12,0
11/07/2018 14:51:39 ,14,1,0.97000,1,1.94000,2.17000,51.133476,2.667297,1,10340,1,-0.300000,1,127,-12.75,12,0
11/07/2018 14:51:40 ,14,1,0.97000,1,1.94000,2.17000,51.133483,2.667311,1,10412,1,-0.600000,1,127,-12.75,12,0
11/07/2018 14:51:41 ,14,1,0.97000,1,1.94000,2.17000,51.133487,2.667327,1,11002,1,0.000000,1,127,-12.75,12,0
11/07/2018 14:51:42 ,14,1,0.97000,1,1.94000,2.17000,51.133491,2.667350,1,11043,1,0.100000,1,127,-12.75,12,0
11/07/2018 14:51:43 ,14,1,1.20000,1,2.24000,2.55000,51.133499,2.667371,1,11144,1,0.100000,1,124,-11.75,12,1
11/07/2018 14:51:43 ,14,1,1.20000,1,2.24000,2.55000,51.133499,2.667371,1,11144,1,0.100000,1,124,-11.75,12,0
11/07/2018 14:51:45 ,14,1,1.20000,1,2.24000,2.55000,51.133506,2.667409,1,224,1,0.100000,1,124,-11.75,12,0
11/07/2018 14:51:46 ,14,1,0.97000,1,1.94000,2.17000,51.133506,2.667431,1,1210,1,0.200000,1,124,-11.75,12,0
11/07/2018 14:51:47 ,14,1,0.97000,1,1.94000,2.17000,51.133502,2.667448,1,3102,1,-0.600000,1,124,-11.75,12,0
11/07/2018 14:51:48 ,14,1,0.97000,1,1.94000,2.17000,51.133510,2.667466,1,3114,1,-0.200000,1,124,-11.75,12,0
11/07/2018 14:51:49 ,14,1,0.97000,1,1.94000,2.17000,51.133525,2.667482,1,3211,1,1.400000,1,124,-11.75,12,0
11/07/2018 14:51:50 ,14,1,0.97000,1,1.94000,2.17000,51.133533,2.667499,1,3244,1,1.700000,1,124,-11.75,12,0
11/07/2018 14:51:51 ,14,1,0.97000,1,1.94000,2.17000,51.133537,2.667520,1,3404,1,2.200000,1,124,-11.75,12,0
11/07/2018 14:51:52 ,14,1,0.97000,1,1.94000,2.17000,51.133541,2.667537,1,3421,1,2.300000,1,124,-11.75,12,0
11/07/2018 14:51:53 ,14,1,0.97000,1,1.94000,2.17000,51.133544,2.667553,1,341,1,2.300000,1,124,-10.50,12,1
11/07/2018 14:51:54 ,14,1,0.97000,1,1.94000,2.17000,51.133548,2.667567,1,2020,1,1.700000,1,124,-10.50,12,0
11/07/2018 14:51:55 ,14,1,1.21000,1,2.25000,2.55000,51.133552,2.667584,1,2433,1,1.500000,1,124,-10.50,12,0
11/07/2018 14:51:56 ,14,1,1.21000,1,2.25000,2.55000,51.133556,2.667605,1,3020,1,1.200000,1,124,-10.50,12,0
11/07/2018 14:51:57 ,13,1,1.21000,1,2.25000,2.55000,51.133556,2.667630,1,3110,1,1.200000,1,124,-10.50,12,0
11/07/2018 14:51:58 ,14,1,0.97000,1,1.94000,2.17000,51.133556,2.667645,1,3133,1,-0.100000,1,124,-10.50,12,0
11/07/2018 14:51:59 ,13,1,1.21000,1,2.25000,2.55000,51.133560,2.667660,1,3234,1,-1.200000,1,124,-10.50,12,0
11/07/2018 14:52:00 ,13,1,1.21000,1,2.25000,2.55000,51.133563,2.667674,1,3320,1,-1.100000,1,124,-10.50,12,0
11/07/2018 14:52:01 ,14,1,0.97000,1,1.94000,2.17000,51.133575,2.667687,1,3400,1,-0.700000,1,124,-10.50,12,0
11/07/2018 14:52:02 ,14,1,0.97000,1,1.94000,2.17000,51.133583,2.667700,1,1134,1,-0.800000,1,123,-9.25,12,1
11/07/2018 14:52:03 ,14,1,0.97000,1,1.94000,2.17000,51.133598,2.667719,1,2434,1,0.900000,1,123,-9.25,12,0
11/07/2018 14:52:04 ,14,1,1.24000,1,2.48000,2.77000,51.133605,2.667743,1,3132,1,1.900000,1,123,-9.25,12,0
11/07/2018 14:52:05 ,14,1,1.21000,1,2.25000,2.55000,51.133613,2.667758,1,3214,1,2.000000,1,123,-9.25,12,0
11/07/2018 14:52:06 ,13,1,1.21000,1,2.25000,2.55000,51.133621,2.667770,1,3310,1,2.100000,1,123,-9.25,12,0
11/07/2018 14:52:07 ,13,1,1.21000,1,2.25000,2.55000,51.133628,2.667787,1,3342,1,2.200000,1,123,-9.25,12,0
11/07/2018 14:52:08 ,13,1,1.21000,1,2.25000,2.55000,51.133632,2.667809,1,3431,1,2.300000,1,123,-9.25,12,0
11/07/2018 14:52:09 ,14,1,0.97000,1,1.94000,2.17000,51.133636,2.667837,1,4014,1,2.700000,1,123,-9.25,12,0
11/07/2018 14:52:10 ,14,1,0.97000,1,1.94000,2.17000,51.133644,2.667855,1,4122,1,3.000000,1,123,-9.25,12,0
11/07/2018 14:52:11 ,14,1,0.97000,1,1.94000,2.17000,51.133647,2.667874,1,4213,1,3.600000,1,123,-9.25,12,0
11/07/2018 14:52:12 ,14,1,0.97000,1,1.94000,2.16000,51.133647,2.667880,1,4300,1,2.600000,1,123,-9.25,12,0
11/07/2018 14:52:13 ,14,1,0.97000,1,1.94000,2.16000,51.133647,2.667893,1,4322,1,2.000000,1,123,-9.25,12,0
11/07/2018 14:52:14 ,14,1,0.97000,1,1.94000,2.16000,51.133647,2.667907,1,4413,1,1.400000,1,123,-9.25,12,0
11/07/2018 14:52:15 ,14,1,0.97000,1,1.93000,2.16000,51.133647,2.667918,1,10001,1,0.600000,1,123,-9.25,12,0
11/07/2018 14:52:16 ,14,1,0.97000,1,1.93000,2.16000,51.133651,2.667933,1,10034,1,0.400000,1,123,-9.25,12,0
11/07/2018 14:52:17 ,14,1,0.97000,1,1.93000,2.16000,51.133655,2.667951,1,10124,1,0.800000,1,123,-9.25,12,0
11/07/2018 14:52:18 ,14,1,0.97000,1,1.93000,2.16000,51.133663,2.667971,1,10220,1,1.100000,1,123,-9.25,12,0
11/07/2018 14:52:19 ,14,1,1.21000,1,2.25000,2.56000,51.133666,2.667990,1,10302,1,1.300000,1,123,-9.25,12,0
11/07/2018 14:52:20 ,14,1,0.97000,1,1.93000,2.16000,51.133670,2.668008,1,4201,1,1.200000,1,124,-9.50,12,1
11/07/2018 14:52:21 ,14,1,0.97000,1,1.93000,2.16000,51.133678,2.668024,1,4242,1,1.900000,1,124,-9.50,12,0
11/07/2018 14:52:22 ,14,1,0.97000,1,1.93000,2.16000,51.133686,2.668042,1,4331,1,2.400000,1,124,-9.50,12,0
11/07/2018 14:52:23 ,14,1,0.97000,1,1.93000,2.16000,51.133689,2.668055,1,4422,1,2.200000,1,124,-9.50,12,0
11/07/2018 14:52:24 ,14,1,0.97000,1,1.93000,2.16000,51.133693,2.668072,1,10004,1,2.400000,1,124,-9.50,12,0
11/07/2018 14:52:25 ,14,1,0.97000,1,1.93000,2.16000,51.133701,2.668091,1,10044,1,2.300000,1,124,-9.50,12,0
11/07/2018 14:52:26 ,14,1,0.97000,1,1.93000,2.16000,51.133705,2.668108,1,10132,1,2.000000,1,124,-9.50,12,0
