00/00/2000 00:00:00 ,0,0,0.00000,0,0.00000,0.00000,0.000000,0.000000,0,0,0,0.000000,0,-116,5.00,7,1
12/17/2018 11:58:54 ,12,1,1.09000,1,2.63000,2.85000,51.161739,3.577464,1,4114,1,-0.600000,1,-116,5.00,7,1
12/17/2018 11:58:54 ,12,1,1.09000,1,2.63000,2.85000,51.161739,3.577464,1,4114,1,-0.600000,1,-116,5.00,7,0
12/17/2018 11:59:01 ,12,1,1.09000,1,2.63000,2.85000,51.161758,3.577442,1,4423,1,1.700000,1,-116,5.00,7,0
12/17/2018 11:59:02 ,12,1,1.09000,1,2.63000,2.85000,51.161758,3.577445,1,122,1,1.200000,1,127,4.00,9,1
12/17/2018 11:59:03 ,12,1,1.20000,1,2.80000,3.05000,51.161758,3.577447,1,1313,1,0.600000,1,127,4.00,9,0
12/17/2018 11:59:03 ,12,1,1.20000,1,2.80000,3.05000,51.161758,3.577447,1,10044,1,0.600000,1,127,4.00,9,1
12/17/2018 11:59:04 ,12,1,1.09000,1,2.63000,2.85000,51.161758,3.577452,1,10111,1,-0.500000,1,127,4.00,9,0
12/17/2018 11:59:05 ,12,1,1.09000,1,2.63000,2.85000,51.161754,3.577455,1,2011,1,-1.400000,1,127,4.00,9,1
12/17/2018 11:59:06 ,12,1,1.20000,1,2.80000,3.05000,51.161750,3.577453,1,2230,1,-2.600000,1,127,4.00,9,0
12/17/2018 11:59:06 ,12,1,1.20000,1,2.80000,3.05000,51.161750,3.577453,1,12000,1,-2.600000,1,126,4.25,9,1
12/17/2018 11:59:08 ,12,1,1.20000,1,2.80000,3.05000,51.161746,3.577455,1,31,1,-4.600000,1,126,4.25,9,0
12/17/2018 11:59:09 ,12,1,1.09000,1,2.63000,2.85000,51.161746,3.577459,1,1043,1,-5.400000,1,126,4.25,9,0
12/17/2018 11:59:10 ,12,1,1.20000,1,2.80000,3.05000,51.161746,3.577463,1,322,1,-6.500000,1,126,4.00,9,1
12/17/2018 11:59:11 ,12,1,1.09000,1,2.63000,2.85000,51.161746,3.577465,1,1341,1,-7.200000,1,126,4.00,9,0
12/17/2018 11:59:11 ,12,1,1.09000,1,2.63000,2.85000,51.161746,3.577465,1,10230,1,-7.200000,1,127,2.50,9,1
12/17/2018 11:59:12 ,12,1,1.09000,1,2.63000,2.85000,51.161743,3.577468,1,10330,1,-7.900000,1,127,2.50,9,0
12/17/2018 11:59:13 ,12,1,1.09000,1,2.63000,2.85000,51.161743,3.577473,1,10402,1,-8.100001,1,127,2.50,9,0
12/17/2018 11:59:14 ,12,1,1.09000,1,2.63000,2.85000,51.161743,3.577476,1,11002,1,-8.000000,1,127,2.50,9,0
12/17/2018 11:59:15 ,12,1,1.09000,1,2.63000,2.85000,51.161743,3.577481,1,111,1,-8.000000,1,126,3.50,9,1
12/17/2018 11:59:16 ,12,1,1.20000,1,2.80000,3.05000,51.161739,3.577484,1,1233,1,-7.700000,1,126,3.50,9,0
12/17/2018 11:59:16 ,12,1,1.20000,1,2.80000,3.05000,51.161739,3.577484,1,4043,1,-7.700000,1,126,2.25,9,1
12/17/2018 11:59:17 ,12,1,1.20000,1,2.80000,3.05000,51.161735,3.577484,1,4140,1,-6.900000,1,126,2.25,9,0
12/17/2018 11:59:18 ,12,1,1.09000,1,2.63000,2.85000,51.161735,3.577484,1,1014,1,-5.400000,1,127,3.75,9,1
12/17/2018 11:59:19 ,12,1,1.09000,1,2.63000,2.85000,51.161735,3.577484,1,2204,1,-3.900000,1,127,3.75,9,0
12/17/2018 11:59:20 ,12,1,1.09000,1,2.63000,2.85000,51.161735,3.577483,1,2321,1,-3.500000,1,127,3.75,9,0
12/17/2018 11:59:21 ,12,1,1.09000,1,2.63000,2.85000,51.161731,3.577494,1,2330,1,-3.700000,1,125,-2.50,9,1
12/17/2018 11:59:21 ,12,1,1.09000,1,2.63000,2.85000,51.161731,3.577494,1,2330,1,-3.700000,1,125,-2.50,9,0
12/17/2018 11:59:22 ,12,1,1.09000,1,2.63000,2.85000,51.161735,3.577499,1,3031,1,-4.000000,1,125,-2.50,9,0
12/17/2018 11:59:23 ,12,1,1.09000,1,2.63000,2.85000,51.161731,3.577505,1,242,1,-4.000000,1,125,-2.75,9,1
12/17/2018 11:59:24 ,12,1,1.09000,1,2.63000,2.85000,51.161731,3.577498,1,1332,1,-3.400000,1,125,-2.75,9,0
12/17/2018 11:59:24 ,12,1,1.09000,1,2.63000,2.85000,51.161731,3.577498,1,4244,1,-3.400000,1,-125,5.25,9,1
12/17/2018 11:59:25 ,12,1,1.09000,1,2.63000,2.85000,51.161735,3.577486,1,4311,1,-2.600000,1,-125,5.25,9,0
12/17/2018 11:59:26 ,12,1,1.09000,1,2.63000,2.85000,51.161731,3.577481,1,4400,1,-2.300000,1,-125,5.25,9,0
12/17/2018 11:59:27 ,12,1,1.09000,1,2.63000,2.85000,51.161731,3.577478,1,10014,1,-0.400000,1,-125,5.25,9,0
12/17/2018 11:59:27 ,12,1,1.09000,1,2.63000,2.85000,51.161731,3.577478,1,11133,1,-0.400000,1,127,1.75,9,1
12/17/2018 11:59:28 ,12,1,1.09000,1,2.63000,2.85000,51.161727,3.577485,1,11202,1,-0.800000,1,127,1.75,9,0
12/17/2018 11:59:28 ,12,1,1.09000,1,2.63000,2.85000,51.161727,3.577485,1,21031,1,-0.800000,1,125,-0.50,9,1
12/17/2018 11:59:30 ,12,1,1.09000,1,2.63000,2.85000,51.161720,3.577497,1,3121,1,-1.100000,1,125,-0.50,9,0
12/17/2018 11:59:31 ,12,1,1.09000,1,2.63000,2.85000,51.161720,3.577501,1,3342,1,-0.600000,1,125,-0.50,9,0
12/17/2018 11:59:32 ,12,1,1.09000,1,2.63000,2.85000,51.161716,3.577508,1,3402,1,0.400000,1,125,-0.50,9,0
12/17/2018 11:59:32 ,12,1,1.09000,1,2.63000,2.85000,51.161716,3.577508,1,4413,1,0.400000,1,-128,1.25,9,1
12/17/2018 11:59:33 ,12,1,1.09000,1,2.63000,2.85000,51.161716,3.577512,1,10033,1,1.700000,1,-128,1.25,9,0
12/17/2018 11:59:34 ,12,1,1.09000,1,2.63000,2.85000,51.161712,3.577521,1,1343,1,3.200000,1,-125,5.25,9,1
12/17/2018 11:59:35 ,12,1,1.09000,1,2.63000,2.85000,51.161708,3.577524,1,2233,1,6.400000,1,-125,5.25,9,0
12/17/2018 11:59:35 ,12,1,1.09000,1,2.63000,2.85000,51.161708,3.577524,1,11311,1,6.400000,1,-125,4.75,9,1
12/17/2018 11:59:37 ,12,1,1.09000,1,2.63000,2.85000,51.161705,3.577535,1,331,1,11.600001,1,-125,4.75,9,0
12/17/2018 11:59:38 ,12,1,1.09000,1,2.63000,2.85000,51.161697,3.577543,1,2203,1,13.800001,1,-125,4.75,9,0
12/17/2018 11:59:39 ,12,1,1.09000,1,2.63000,2.85000,51.161689,3.577553,1,142,1,16.399999,1,-123,6.75,9,1
12/17/2018 11:59:40 ,12,1,1.09000,1,2.63000,2.85000,51.161682,3.577566,1,2240,1,18.000000,1,-123,6.75,9,0
12/17/2018 11:59:40 ,12,1,1.09000,1,2.63000,2.85000,51.161682,3.577566,1,10134,1,18.000000,1,-125,4.25,9,1
12/17/2018 11:59:41 ,12,1,1.09000,1,2.63000,2.85000,51.161670,3.577573,1,10143,1,18.899999,1,-125,4.25,9,0
12/17/2018 11:59:42 ,12,1,1.09000,1,2.63000,2.85000,51.161655,3.577580,1,10231,1,19.600000,1,-125,4.25,9,0
12/17/2018 11:59:43 ,12,1,1.09000,1,2.63000,2.85000,51.161643,3.577592,1,10312,1,20.200000,1,-125,4.25,9,0
12/17/2018 11:59:43 ,12,1,1.09000,1,2.63000,2.85000,51.161643,3.577592,1,11433,1,20.200000,1,-125,4.75,9,1
12/17/2018 11:59:45 ,12,1,1.09000,1,2.63000,2.85000,51.161621,3.577610,1,444,1,21.000000,1,-125,4.75,9,0
12/17/2018 11:59:45 ,12,1,1.09000,1,2.63000,2.85000,51.161621,3.577610,1,3412,1,21.000000,1,127,1.75,9,1
12/17/2018 11:59:46 ,12,1,1.09000,1,2.63000,2.85000,51.161609,3.577618,1,4004,1,21.500000,1,127,1.75,9,0
12/17/2018 11:59:47 ,12,1,1.09000,1,2.63000,2.85000,51.161602,3.577627,1,331,1,22.700000,1,126,-2.25,9,1
12/17/2018 11:59:48 ,12,1,1.09000,1,2.63000,2.85000,51.161594,3.577635,1,2213,1,24.000000,1,126,-2.25,9,0
12/17/2018 11:59:49 ,12,1,1.09000,1,2.63000,2.85000,51.161594,3.577641,1,2320,1,24.799999,1,126,-2.25,9,0
12/17/2018 11:59:50 ,12,1,1.09000,1,2.63000,2.85000,51.161586,3.577650,1,2224,1,25.700000,1,-127,4.00,9,1
12/17/2018 11:59:51 ,12,1,1.09000,1,2.63000,2.85000,51.161582,3.577657,1,2440,1,27.000000,1,-127,4.00,9,0
12/17/2018 11:59:52 ,12,1,1.09000,1,2.63000,2.85000,51.161579,3.577665,1,200,1,27.000000,1,127,2.00,9,1
12/17/2018 11:59:53 ,12,1,1.09000,1,2.63000,2.85000,51.161579,3.577676,1,1142,1,28.000000,1,127,2.00,9,0
12/17/2018 11:59:54 ,12,1,1.09000,1,2.63000,2.85000,51.161571,3.577685,1,2224,1,27.899999,1,127,2.00,9,0
12/17/2018 11:59:55 ,12,1,1.09000,1,2.63000,2.85000,51.161563,3.577694,1,1112,1,28.200000,1,-124,6.25,9,1
12/17/2018 11:59:56 ,12,1,1.09000,1,2.63000,2.85000,51.161556,3.577702,1,2223,1,28.000000,1,-124,6.25,9,0
12/17/2018 11:59:56 ,12,1,1.09000,1,2.63000,2.85000,51.161556,3.577702,1,11024,1,28.000000,1,-123,6.25,9,1
12/17/2018 11:59:57 ,12,1,1.09000,1,2.63000,2.85000,51.161548,3.577714,1,11112,1,27.200000,1,-123,6.25,9,0
12/17/2018 11:59:58 ,12,1,1.09000,1,2.63000,2.85000,51.161540,3.577727,1,3000,1,27.700000,1,-128,-2.00,9,1
12/17/2018 11:59:59 ,12,1,1.09000,1,2.63000,2.85000,51.161537,3.577740,1,3004,1,29.700000,1,-128,-2.00,9,0
12/17/2018 12:00:00 ,12,1,1.09000,1,2.63000,2.85000,51.161521,3.577747,1,3044,1,29.700000,1,-128,-2.00,9,0
12/17/2018 12:00:01 ,12,1,1.09000,1,2.63000,2.85000,51.161514,3.577757,1,3203,1,28.299999,1,-128,-2.00,9,0
12/17/2018 12:00:01 ,12,1,1.09000,1,2.63000,2.85000,51.161514,3.577757,1,4323,1,28.299999,1,-127,3.75,9,1
12/17/2018 12:00:02 ,12,1,1.09000,1,2.63000,2.85000,51.161506,3.577767,1,4421,1,28.899999,1,-127,3.75,9,0
12/17/2018 12:00:03 ,12,1,1.09000,1,2.63000,2.85000,51.161499,3.577776,1,1230,1,29.200000,1,-126,-8.25,9,1
12/17/2018 12:00:04 ,12,1,1.09000,1,2.63000,2.85000,51.161487,3.577784,1,2233,1,29.000000,1,-126,-8.25,9,0
12/17/2018 12:00:05 ,12,1,1.22000,1,2.70000,2.97000,51.161472,3.577795,1,2320,1,30.000000,1,-126,-8.25,9,0
12/17/2018 12:00:06 ,12,1,1.09000,1,2.63000,2.85000,51.161453,3.577806,1,2413,1,29.899999,1,-126,-8.25,9,0
12/17/2018 12:00:06 ,12,1,1.09000,1,2.63000,2.85000,51.161453,3.577806,1,3121,1,29.899999,1,-127,4.00,9,1
12/17/2018 12:00:07 ,12,1,1.09000,1,2.63000,2.85000,51.161437,3.577814,1,3200,1,29.899999,1,-127,4.00,9,0
12/17/2018 12:00:08 ,12,1,1.09000,1,2.63000,2.85000,51.161426,3.577820,1,111,1,30.899999,1,126,-1.25,9,1
12/17/2018 12:00:09 ,12,1,1.09000,1,2.63000,2.85000,51.161415,3.577825,1,2033,1,31.100000,1,126,-1.25,9,0
12/17/2018 12:00:09 ,12,1,1.09000,1,2.63000,2.85000,51.161415,3.577825,1,10001,1,31.100000,1,127,1.25,9,1
12/17/2018 12:00:10 ,12,1,1.09000,1,2.63000,2.85000,51.161399,3.577832,1,10140,1,31.799999,1,127,1.25,9,0
12/17/2018 12:00:11 ,12,1,1.09000,1,2.63000,2.85000,51.161392,3.577844,1,10311,1,32.700000,1,127,1.25,9,0
12/17/2018 12:00:12 ,12,1,1.09000,1,2.63000,2.85000,51.161380,3.577856,1,10324,1,32.700000,1,127,1.25,9,0
12/17/2018 12:00:12 ,12,1,1.09000,1,2.63000,2.85000,51.161380,3.577856,1,11342,1,32.700000,1,-128,2.75,9,1
12/17/2018 12:00:14 ,12,1,1.09000,1,2.63000,2.85000,51.161357,3.577880,1,413,1,31.200000,1,-128,2.75,9,0
12/17/2018 12:00:14 ,12,1,1.09000,1,2.63000,2.85000,51.161357,3.577880,1,3324,1,31.200000,1,127,0.75,9,1
12/17/2018 12:00:15 ,12,1,1.09000,1,2.63000,2.85000,51.161346,3.577888,1,3332,1,29.899999,1,127,0.75,9,0
12/17/2018 12:00:16 ,12,1,1.09000,1,2.63000,2.85000,51.161334,3.577895,1,4003,1,30.600000,1,127,0.75,9,0
12/17/2018 12:00:17 ,12,1,1.09000,1,2.63000,2.85000,51.161327,3.577904,1,4044,1,30.399999,1,127,0.75,9,0
12/17/2018 12:00:17 ,12,1,1.09000,1,2.63000,2.85000,51.161327,3.577904,1,10213,1,30.399999,1,127,0.25,9,1
12/17/2018 12:00:18 ,12,1,1.09000,1,2.63000,2.85000,51.161312,3.577911,1,10304,1,30.100000,1,127,0.25,9,0
12/17/2018 12:00:19 ,12,1,1.09000,1,2.63000,2.85000,51.161296,3.577918,1,10303,1,29.600000,1,127,0.25,9,0
12/17/2018 12:00:20 ,12,1,1.09000,1,2.63000,2.85000,51.161281,3.577926,1,10434,1,28.500000,1,127,0.25,9,0
12/17/2018 12:00:21 ,12,1,1.09000,1,2.63000,2.85000,51.161266,3.577935,1,14,1,28.500000,1,125,-3.75,9,1
12/17/2018 12:00:22 ,12,1,1.09000,1,2.63000,2.85000,51.161254,3.577939,1,1111,1,31.200000,1,125,-3.75,9,0
12/17/2018 12:00:23 ,12,1,1.09000,1,2.63000,2.85000,51.161235,3.577952,1,2212,1,31.899999,1,125,-3.75,9,0
12/17/2018 12:00:24 ,12,1,1.09000,1,2.63000,2.85000,51.161220,3.577965,1,414,1,32.700000,1,-127,1.50,9,1
12/17/2018 12:00:25 ,12,1,1.09000,1,2.63000,2.85000,51.161205,3.577983,1,2233,1,30.399999,1,-127,1.50,9,0
12/17/2018 12:00:25 ,12,1,1.09000,1,2.63000,2.85000,51.161205,3.577983,1,10333,1,30.399999,1,-128,3.00,9,1
12/17/2018 12:00:26 ,12,1,1.09000,1,2.63000,2.85000,51.161193,3.577999,1,10422,1,29.799999,1,-128,3.00,9,0
12/17/2018 12:00:27 ,12,1,1.09000,1,2.63000,2.85000,51.161186,3.578004,1,2330,1,31.100000,1,126,-1.00,9,1
12/17/2018 12:00:28 ,12,1,1.09000,1,2.63000,2.85000,51.161182,3.578013,1,2431,1,31.500000,1,126,-1.00,9,0
12/17/2018 12:00:29 ,12,1,1.09000,1,2.63000,2.85000,51.161167,3.578020,1,2440,1,32.500000,1,126,-1.00,9,0
12/17/2018 12:00:30 ,12,1,1.09000,1,2.63000,2.85000,51.161155,3.578030,1,3204,1,32.099998,1,126,-1.00,9,0
12/17/2018 12:00:30 ,12,1,1.09000,1,2.63000,2.85000,51.161155,3.578030,1,4221,1,32.099998,1,126,-1.75,9,1
12/17/2018 12:00:31 ,12,1,1.09000,1,2.63000,2.85000,51.161140,3.578036,1,4301,1,34.299999,1,126,-1.75,9,0
12/17/2018 12:00:32 ,12,1,1.09000,1,2.63000,2.85000,51.161128,3.578040,1,1120,1,35.599998,1,126,-0.75,9,1
12/17/2018 12:00:33 ,12,1,1.09000,1,2.63000,2.85000,51.161117,3.578043,1,2240,1,37.200000,1,126,-0.75,9,0
12/17/2018 12:00:34 ,12,1,1.09000,1,2.63000,2.85000,51.161109,3.578044,1,2402,1,39.200000,1,126,-0.75,9,0
12/17/2018 12:00:35 ,12,1,1.09000,1,2.63000,2.85000,51.161090,3.578043,1,2421,1,41.099998,1,126,-0.75,9,0
12/17/2018 12:00:35 ,12,1,1.09000,1,2.63000,2.85000,51.161090,3.578043,1,2421,1,41.099998,1,-127,-2.50,9,1
12/17/2018 12:00:36 ,12,1,1.09000,1,2.63000,2.85000,51.161083,3.578040,1,3114,1,43.700000,1,-127,-2.50,9,0
12/17/2018 12:00:37 ,12,1,1.09000,1,2.63000,2.85000,51.161079,3.578039,1,422,1,43.700000,1,-127,3.75,9,1
12/17/2018 12:00:38 ,12,1,1.09000,1,2.63000,2.85000,51.161075,3.578041,1,1444,1,46.900001,1,-127,3.75,9,0
12/17/2018 12:00:38 ,12,1,1.09000,1,2.63000,2.85000,51.161075,3.578041,1,4411,1,46.900001,1,127,1.75,9,1
12/17/2018 12:00:39 ,12,1,1.09000,1,2.63000,2.85000,51.161075,3.578043,1,10002,1,48.200000,1,127,1.75,9,0
12/17/2018 12:00:40 ,12,1,1.09000,1,2.63000,2.85000,51.161064,3.578046,1,10041,1,50.000000,1,127,1.75,9,0
12/17/2018 12:00:41 ,12,1,1.09000,1,2.63000,2.85000,51.161041,3.578051,1,10121,1,53.099998,1,127,1.75,9,0
12/17/2018 12:00:41 ,12,1,1.09000,1,2.63000,2.85000,51.161041,3.578051,1,11244,1,53.099998,1,126,0.75,9,1
12/17/2018 12:00:43 ,12,1,1.09000,1,2.63000,2.85000,51.161010,3.578055,1,304,1,59.599998,1,126,0.75,9,0
12/17/2018 12:00:43 ,12,1,1.09000,1,2.63000,2.85000,51.161010,3.578055,1,3220,1,59.599998,1,125,-4.50,9,1
12/17/2018 12:00:44 ,12,1,1.09000,1,2.63000,2.85000,51.160999,3.578063,1,3311,1,62.200000,1,125,-4.50,9,0
12/17/2018 12:00:45 ,12,1,1.09000,1,2.63000,2.85000,51.160991,3.578069,1,3340,1,64.800003,1,125,-4.50,9,0
12/17/2018 12:00:46 ,12,1,1.09000,1,2.63000,2.85000,51.160984,3.578075,1,3430,1,66.400001,1,125,-4.50,9,0
12/17/2018 12:00:46 ,12,1,1.09000,1,2.63000,2.85000,51.160984,3.578075,1,10104,1,66.400001,1,126,-0.25,9,1
12/17/2018 12:00:47 ,12,1,1.09000,1,2.63000,2.85000,51.160984,3.578084,1,10203,1,66.699996,1,126,-0.25,9,0
12/17/2018 12:00:48 ,12,1,1.09000,1,2.63000,2.85000,51.160961,3.578097,1,2010,1,65.300003,1,126,-1.50,9,1
12/17/2018 12:00:49 ,12,1,1.09000,1,2.63000,2.85000,51.160945,3.578105,1,2424,1,66.500000,1,126,-1.50,9,0
12/17/2018 12:00:49 ,12,1,1.09000,1,2.63000,2.85000,51.160945,3.578105,1,11441,1,66.500000,1,125,-4.75,9,1
12/17/2018 12:00:51 ,12,1,1.09000,1,2.63000,2.85000,51.160907,3.578116,1,423,1,66.400001,1,125,-4.75,9,0
12/17/2018 12:00:52 ,12,1,1.09000,1,2.63000,2.85000,51.160888,3.578121,1,2241,1,67.599998,1,125,-4.75,9,0
12/17/2018 12:00:53 ,12,1,1.09000,1,2.63000,2.85000,51.160873,3.578131,1,314,1,68.000000,1,126,-3.50,9,1
12/17/2018 12:00:54 ,12,1,1.09000,1,2.63000,2.85000,51.160854,3.578144,1,2232,1,68.699996,1,126,-3.50,9,0
12/17/2018 12:00:54 ,12,1,1.09000,1,2.63000,2.85000,51.160854,3.578144,1,10232,1,68.699996,1,126,-4.50,9,1
12/17/2018 12:00:55 ,12,1,1.09000,1,2.63000,2.85000,51.160839,3.578151,1,10340,1,70.199996,1,126,-4.50,9,0
12/17/2018 12:00:56 ,12,1,1.09000,1,2.63000,2.85000,51.160827,3.578157,1,10441,1,70.800003,1,126,-4.50,9,0
12/17/2018 12:00:57 ,12,1,1.09000,1,2.63000,2.85000,51.160820,3.578172,1,11023,1,70.699996,1,126,-4.50,9,0
12/17/2018 12:00:58 ,12,1,1.09000,1,2.63000,2.85000,51.160800,3.578182,1,11113,1,70.800003,1,126,-4.50,9,0
12/17/2018 12:00:59 ,12,1,1.09000,1,2.63000,2.85000,51.160789,3.578187,1,4033,1,71.199996,1,125,-2.50,9,1
12/17/2018 12:01:00 ,12,1,1.09000,1,2.63000,2.85000,51.160770,3.578190,1,4203,1,72.900001,1,125,-2.50,9,0
12/17/2018 12:01:01 ,12,1,1.09000,1,2.63000,2.85000,51.160755,3.578198,1,1003,1,73.800003,1,126,-2.50,9,1
12/17/2018 12:01:02 ,12,1,1.09000,1,2.63000,2.85000,51.160732,3.578203,1,2241,1,73.599998,1,126,-2.50,9,0
12/17/2018 12:01:03 ,12,1,1.09000,1,2.63000,2.85000,51.160717,3.578212,1,2401,1,73.199996,1,126,-2.50,9,0
12/17/2018 12:01:04 ,12,1,1.09000,1,2.63000,2.85000,51.160705,3.578224,1,2442,1,73.800003,1,126,-2.50,9,0
12/17/2018 12:01:05 ,12,1,1.09000,1,2.63000,2.85000,51.160694,3.578241,1,3032,1,71.300003,1,126,-2.50,9,0
12/17/2018 12:01:06 ,12,1,1.09000,1,2.63000,2.85000,51.160678,3.578252,1,324,1,71.300003,1,-122,-9.25,9,1
12/17/2018 12:01:07 ,12,1,1.09000,1,2.63000,2.85000,51.160667,3.578264,1,1342,1,70.199996,1,-122,-9.25,9,0
12/17/2018 12:01:08 ,12,1,1.09000,1,2.63000,2.85000,51.160655,3.578275,1,2311,1,69.699996,1,-122,-9.25,9,0
12/17/2018 12:01:09 ,12,1,1.09000,1,2.63000,2.85000,51.160648,3.578290,1,1232,1,69.300003,1,126,-1.00,9,1
12/17/2018 12:01:10 ,12,1,1.09000,1,2.63000,2.85000,51.160633,3.578298,1,2231,1,67.900001,1,126,-1.00,9,0
12/17/2018 12:01:10 ,12,1,1.09000,1,2.63000,2.85000,51.160633,3.578298,1,11121,1,67.900001,1,125,-2.00,9,1
12/17/2018 12:01:11 ,12,1,1.09000,1,2.63000,2.85000,51.160617,3.578312,1,11224,1,67.900001,1,125,-2.00,9,0
12/17/2018 12:01:11 ,12,1,1.09000,1,2.63000,2.85000,51.160617,3.578312,1,21103,1,67.900001,1,126,-1.00,9,1
12/17/2018 12:01:13 ,12,1,1.09000,1,2.63000,2.85000,51.160583,3.578331,1,3122,1,66.599998,1,126,-1.00,9,0
12/17/2018 12:01:14 ,12,1,1.09000,1,2.63000,2.85000,51.160568,3.578337,1,3212,1,64.300003,1,126,-1.00,9,0
12/17/2018 12:01:15 ,12,1,1.09000,1,2.63000,2.85000,51.160549,3.578341,1,3304,1,64.099998,1,126,-1.00,9,0
12/17/2018 12:01:15 ,12,1,1.09000,1,2.63000,2.85000,51.160549,3.578341,1,4424,1,64.099998,1,125,-4.25,9,1
12/17/2018 12:01:16 ,12,1,1.09000,1,2.63000,2.85000,51.160526,3.578351,1,10012,1,62.599998,1,125,-4.25,9,0
12/17/2018 12:01:17 ,12,1,1.09000,1,2.63000,2.85000,51.160511,3.578361,1,1414,1,62.500000,1,124,-5.00,9,1
12/17/2018 12:01:18 ,12,1,1.09000,1,2.63000,2.85000,51.160491,3.578367,1,2240,1,62.299999,1,124,-5.00,9,0
12/17/2018 12:01:19 ,12,1,1.09000,1,2.63000,2.85000,51.160484,3.578382,1,2334,1,62.299999,1,124,-5.00,9,0
12/17/2018 12:01:20 ,12,1,1.09000,1,2.63000,2.85000,51.160469,3.578396,1,2434,1,60.500000,1,124,-5.00,9,0
12/17/2018 12:01:20 ,12,1,1.09000,1,2.63000,2.85000,51.160469,3.578396,1,3310,1,60.500000,1,125,-2.50,9,1
12/17/2018 12:01:21 ,12,1,1.09000,1,2.63000,2.85000,51.160461,3.578408,1,3342,1,60.599998,1,125,-2.50,9,0
12/17/2018 12:01:22 ,12,1,1.09000,1,2.63000,2.85000,51.160438,3.578419,1,3411,1,56.400001,1,125,-2.50,9,0
12/17/2018 12:01:23 ,12,1,1.09000,1,2.63000,2.85000,51.160423,3.578429,1,4010,1,56.900001,1,125,-2.50,9,0
12/17/2018 12:01:23 ,12,1,1.09000,1,2.63000,2.85000,51.160423,3.578429,1,10122,1,56.900001,1,125,-7.75,9,1
12/17/2018 12:01:24 ,12,1,1.09000,1,2.63000,2.85000,51.160411,3.578438,1,10212,1,57.900001,1,125,-7.75,9,0
12/17/2018 12:01:25 ,12,1,1.09000,1,2.63000,2.85000,51.160396,3.578446,1,10301,1,58.900001,1,125,-7.75,9,0
12/17/2018 12:01:26 ,12,1,1.09000,1,2.63000,2.85000,51.160392,3.578455,1,10412,1,59.200000,1,125,-7.75,9,0
12/17/2018 12:01:27 ,12,1,1.09000,1,2.63000,2.85000,51.160385,3.578463,1,11,1,59.200000,1,125,-8.00,9,1
12/17/2018 12:01:28 ,12,1,1.09000,1,2.63000,2.85000,51.160373,3.578474,1,1034,1,63.599998,1,125,-8.00,9,0
12/17/2018 12:01:29 ,12,1,1.09000,1,2.63000,2.85000,51.160362,3.578486,1,2223,1,63.299999,1,125,-8.00,9,0
12/17/2018 12:01:30 ,12,1,1.09000,1,2.63000,2.85000,51.160358,3.578491,1,423,1,65.900001,1,125,-6.25,9,1
12/17/2018 12:01:31 ,12,1,1.09000,1,2.63000,2.85000,51.160350,3.578500,1,2232,1,65.599998,1,125,-6.25,9,0
12/17/2018 12:01:32 ,12,1,1.09000,1,2.63000,2.85000,51.160346,3.578507,1,2323,1,66.400001,1,125,-6.25,9,0
12/17/2018 12:01:33 ,12,1,1.09000,1,2.63000,2.84000,51.160335,3.578512,1,2302,1,67.500000,1,125,-3.50,9,1
12/17/2018 12:01:34 ,12,1,1.09000,1,2.63000,2.84000,51.160327,3.578519,1,2322,1,68.000000,1,125,-3.50,9,0
12/17/2018 12:01:35 ,12,1,1.09000,1,2.63000,2.84000,51.160312,3.578528,1,144,1,68.000000,1,125,-4.00,9,1
12/17/2018 12:01:36 ,12,1,1.09000,1,2.63000,2.84000,51.160305,3.578532,1,1201,1,70.000000,1,125,-4.00,9,0
12/17/2018 12:01:37 ,12,1,1.09000,1,2.63000,2.84000,51.160297,3.578541,1,2324,1,71.199996,1,125,-4.00,9,0
12/17/2018 12:01:38 ,12,1,1.09000,1,2.63000,2.84000,51.160285,3.578547,1,1100,1,72.099998,1,125,-7.00,9,1
12/17/2018 12:01:39 ,12,1,1.09000,1,2.63000,2.84000,51.160270,3.578562,1,2330,1,71.699996,1,125,-7.00,9,0
12/17/2018 12:01:39 ,12,1,1.09000,1,2.63000,2.84000,51.160270,3.578562,1,11040,1,71.699996,1,125,-5.00,9,1
12/17/2018 12:01:40 ,12,1,1.09000,1,2.63000,2.84000,51.160263,3.578573,1,11132,1,73.099998,1,125,-5.00,9,0
12/17/2018 12:01:41 ,12,1,1.09000,1,2.63000,2.84000,51.160251,3.578578,1,3011,1,73.599998,1,125,-6.75,9,1
12/17/2018 12:01:42 ,12,1,1.09000,1,2.63000,2.84000,51.160243,3.578591,1,3041,1,73.099998,1,125,-6.75,9,0
12/17/2018 12:01:43 ,12,1,1.09000,1,2.63000,2.84000,51.160232,3.578599,1,402,1,73.099998,1,125,-6.25,9,1
12/17/2018 12:01:44 ,12,1,1.09000,1,2.63000,2.84000,51.160213,3.578609,1,1402,1,72.199996,1,125,-6.25,9,0
12/17/2018 12:01:45 ,12,1,1.09000,1,2.63000,2.84000,51.160205,3.578610,1,2333,1,71.300003,1,125,-6.25,9,0
12/17/2018 12:01:46 ,12,1,1.09000,1,2.63000,2.84000,51.160198,3.578623,1,1312,1,72.000000,1,124,-6.00,9,1
12/17/2018 12:01:47 ,12,1,1.09000,1,2.63000,2.84000,51.160179,3.578635,1,2224,1,70.800003,1,124,-6.00,9,0
12/17/2018 12:01:48 ,12,1,1.09000,1,2.63000,2.84000,51.160167,3.578647,1,2410,1,71.800003,1,124,-6.00,9,0
12/17/2018 12:01:49 ,12,1,1.09000,1,2.63000,2.84000,51.160156,3.578658,1,2434,1,72.599998,1,124,-6.00,9,0
12/17/2018 12:01:49 ,12,1,1.09000,1,2.63000,2.84000,51.160156,3.578658,1,3141,1,72.599998,1,125,-7.25,9,1
12/17/2018 12:01:50 ,12,1,1.09000,1,2.63000,2.84000,51.160140,3.578670,1,3220,1,74.199996,1,125,-7.25,9,0
12/17/2018 12:01:51 ,12,1,1.09000,1,2.63000,2.84000,51.160129,3.578685,1,121,1,74.000000,1,125,-5.75,9,1
12/17/2018 12:01:52 ,12,1,1.09000,1,2.62000,2.84000,51.160106,3.578705,1,2222,1,71.900001,1,125,-5.75,9,0
12/17/2018 12:01:53 ,12,1,1.09000,1,2.62000,2.84000,51.160083,3.578719,1,2313,1,71.599998,1,125,-5.75,9,0
12/17/2018 12:01:54 ,12,1,1.09000,1,2.62000,2.84000,51.160068,3.578731,1,2403,1,72.300003,1,125,-5.75,9,0
12/17/2018 12:01:55 ,12,1,1.09000,1,2.62000,2.84000,51.160060,3.578745,1,3014,1,72.699996,1,125,-5.75,9,0
12/17/2018 12:01:56 ,12,1,1.09000,1,2.62000,2.84000,51.160041,3.578754,1,3110,1,71.800003,1,125,-5.75,9,0
12/17/2018 12:01:57 ,12,1,1.09000,1,2.62000,2.84000,51.160026,3.578761,1,3201,1,72.000000,1,125,-5.75,9,0
12/17/2018 12:01:57 ,12,1,1.09000,1,2.62000,2.84000,51.160026,3.578761,1,3343,1,72.000000,1,-122,-12.50,9,1
12/17/2018 12:01:58 ,12,1,1.09000,1,2.62000,2.84000,51.160011,3.578767,1,3410,1,72.599998,1,-122,-12.50,9,0
12/17/2018 12:01:59 ,12,1,1.09000,1,2.62000,2.84000,51.159996,3.578776,1,4014,1,72.099998,1,-122,-12.50,9,0
12/17/2018 12:02:00 ,12,1,1.09000,1,2.62000,2.84000,51.159973,3.578788,1,4042,1,68.400001,1,-122,-12.50,9,0
12/17/2018 12:02:01 ,12,1,1.09000,1,2.62000,2.84000,51.159961,3.578799,1,4203,1,67.000000,1,-122,-12.50,9,0
12/17/2018 12:02:02 ,12,1,1.09000,1,2.62000,2.84000,51.159946,3.578803,1,4213,1,67.400001,1,-122,-12.50,9,0
12/17/2018 12:02:03 ,12,1,1.09000,1,2.62000,2.84000,51.159931,3.578810,1,4303,1,66.699996,1,-122,-12.50,9,0
12/17/2018 12:02:04 ,12,1,1.09000,1,2.62000,2.84000,51.159915,3.578815,1,104,1,66.699996,1,125,-8.25,9,1
12/17/2018 12:02:05 ,12,1,1.09000,1,2.62000,2.84000,51.159900,3.578821,1,1231,1,66.400001,1,125,-8.25,9,0
12/17/2018 12:02:06 ,12,1,1.09000,1,2.62000,2.84000,51.159889,3.578827,1,2231,1,67.000000,1,125,-8.25,9,0
12/17/2018 12:02:07 ,12,1,1.09000,1,2.62000,2.84000,51.159873,3.578844,1,2312,1,65.199996,1,125,-8.25,9,0
12/17/2018 12:02:08 ,12,1,1.09000,1,2.62000,2.84000,51.159862,3.578854,1,2430,1,65.099998,1,125,-8.25,9,0
12/17/2018 12:02:09 ,12,1,1.09000,1,2.62000,2.84000,51.159851,3.578868,1,3021,1,65.599998,1,125,-8.25,9,0
12/17/2018 12:02:10 ,12,1,1.09000,1,2.62000,2.84000,51.159835,3.578881,1,2332,1,64.900001,1,-122,-12.50,9,1
12/17/2018 12:02:11 ,12,1,1.09000,1,2.62000,2.84000,51.159820,3.578891,1,2434,1,64.800003,1,-122,-12.50,9,0
12/17/2018 12:02:12 ,12,1,1.09000,1,2.62000,2.84000,51.159809,3.578904,1,3003,1,64.000000,1,-122,-12.50,9,0
12/17/2018 12:02:13 ,12,1,1.09000,1,2.62000,2.84000,51.159797,3.578918,1,3120,1,64.400001,1,-122,-12.50,9,0
12/17/2018 12:02:14 ,12,1,1.09000,1,2.62000,2.84000,51.159786,3.578924,1,3234,1,64.199996,1,-122,-12.50,9,0
12/17/2018 12:02:15 ,12,1,1.09000,1,2.62000,2.84000,51.159770,3.578931,1,3402,1,63.700000,1,-122,-12.50,9,0
12/17/2018 12:02:16 ,12,1,1.09000,1,2.62000,2.84000,51.159759,3.578938,1,4000,1,64.199996,1,-122,-12.50,9,0
12/17/2018 12:02:17 ,12,1,1.09000,1,2.62000,2.84000,51.159744,3.578947,1,4002,1,64.900001,1,-122,-12.50,9,0
12/17/2018 12:02:18 ,12,1,1.09000,1,2.62000,2.84000,51.159729,3.578953,1,3022,1,65.099998,1,-123,-12.00,9,1
12/17/2018 12:02:19 ,12,1,1.09000,1,2.62000,2.84000,51.159713,3.578965,1,3130,1,66.000000,1,-123,-12.00,9,0
12/17/2018 12:02:20 ,12,1,1.09000,1,2.62000,2.84000,51.159702,3.578972,1,3204,1,64.599998,1,-123,-12.00,9,0
12/17/2018 12:02:21 ,12,1,1.09000,1,2.62000,2.84000,51.159687,3.578980,1,3240,1,65.099998,1,-123,-12.00,9,0
12/17/2018 12:02:21 ,12,1,1.09000,1,2.62000,2.84000,51.159687,3.578980,1,4401,1,65.099998,1,125,-7.75,9,1
12/17/2018 12:02:22 ,12,1,1.09000,1,2.62000,2.84000,51.159675,3.578991,1,10014,1,65.199996,1,125,-7.75,9,0
12/17/2018 12:02:23 ,12,1,1.09000,1,2.62000,2.84000,51.159667,3.578999,1,10031,1,66.099998,1,125,-7.75,9,0
12/17/2018 12:02:24 ,12,1,1.09000,1,2.62000,2.84000,51.159656,3.579008,1,10201,1,66.000000,1,125,-7.75,9,0
12/17/2018 12:02:24 ,12,1,1.09000,1,2.62000,2.84000,51.159656,3.579008,1,11324,1,66.000000,1,-122,-11.75,9,1
12/17/2018 12:02:26 ,12,1,1.09000,1,2.62000,2.84000,51.159629,3.579030,1,331,1,66.599998,1,-122,-11.75,9,0
12/17/2018 12:02:27 ,12,1,1.09000,1,2.62000,2.84000,51.159622,3.579044,1,2230,1,67.099998,1,-122,-11.75,9,0
12/17/2018 12:02:28 ,12,1,1.09000,1,2.62000,2.84000,51.159614,3.579054,1,214,1,66.699996,1,125,-8.25,9,1
12/17/2018 12:02:29 ,12,1,1.09000,1,2.62000,2.84000,51.159603,3.579067,1,2214,1,65.699996,1,125,-8.25,9,0
12/17/2018 12:02:30 ,12,1,1.09000,1,2.62000,2.84000,51.159591,3.579081,1,2241,1,62.900001,1,125,-8.25,9,0
12/17/2018 12:02:31 ,12,1,1.09000,1,2.62000,2.84000,51.159576,3.579093,1,2013,1,61.299999,1,125,-8.25,9,1
12/17/2018 12:02:32 ,12,1,1.09000,1,2.62000,2.84000,51.159557,3.579100,1,2321,1,61.000000,1,125,-8.25,9,0
12/17/2018 12:02:33 ,12,1,1.09000,1,2.62000,2.84000,51.159549,3.579111,1,2441,1,60.299999,1,125,-8.25,9,0
12/17/2018 12:02:34 ,12,1,1.09000,1,2.62000,2.84000,51.159538,3.579122,1,3010,1,59.500000,1,125,-8.25,9,0
12/17/2018 12:02:34 ,12,1,1.09000,1,2.62000,2.84000,51.159538,3.579122,1,3412,1,59.500000,1,125,-9.00,9,1
12/17/2018 12:02:35 ,12,1,1.09000,1,2.62000,2.84000,51.159523,3.579130,1,4024,1,58.200000,1,125,-9.00,9,0
12/17/2018 12:02:36 ,12,1,1.09000,1,2.62000,2.84000,51.159511,3.579137,1,4201,1,57.700000,1,125,-9.00,9,0
12/17/2018 12:02:37 ,12,1,1.09000,1,2.62000,2.84000,51.159496,3.579149,1,4310,1,57.799999,1,125,-9.00,9,0
12/17/2018 12:02:38 ,12,1,1.09000,1,2.62000,2.84000,51.159481,3.579168,1,4330,1,56.700000,1,125,-9.00,9,0
12/17/2018 12:02:39 ,12,1,1.09000,1,2.62000,2.84000,51.159465,3.579177,1,4432,1,58.000000,1,125,-9.00,9,0
12/17/2018 12:02:40 ,12,1,1.09000,1,2.62000,2.84000,51.159458,3.579189,1,10001,1,59.000000,1,125,-9.00,9,0
12/17/2018 12:02:41 ,12,1,1.09000,1,2.62000,2.84000,51.159446,3.579195,1,141,1,59.000000,1,125,-8.00,9,1
12/17/2018 12:02:42 ,12,1,1.09000,1,2.62000,2.84000,51.159420,3.579209,1,1134,1,58.200000,1,125,-8.00,9,0
12/17/2018 12:02:43 ,12,1,1.09000,1,2.62000,2.84000,51.159404,3.579220,1,2242,1,59.200000,1,125,-8.00,9,0
12/17/2018 12:02:44 ,12,1,1.09000,1,2.62000,2.84000,51.159385,3.579231,1,2331,1,59.000000,1,125,-8.00,9,0
12/17/2018 12:02:45 ,12,1,1.09000,1,2.62000,2.84000,51.159362,3.579239,1,2424,1,59.400001,1,125,-8.00,9,0
12/17/2018 12:02:46 ,12,1,1.09000,1,2.62000,2.84000,51.159347,3.579243,1,3013,1,60.599998,1,125,-8.00,9,0
12/17/2018 12:02:47 ,12,1,1.09000,1,2.62000,2.84000,51.159336,3.579250,1,3130,1,61.599998,1,125,-8.00,9,0
12/17/2018 12:02:48 ,12,1,1.09000,1,2.62000,2.84000,51.159324,3.579257,1,3222,1,61.299999,1,125,-8.00,9,0
12/17/2018 12:02:49 ,12,1,1.09000,1,2.62000,2.84000,51.159309,3.579268,1,3301,1,61.599998,1,125,-8.00,9,0
12/17/2018 12:02:50 ,12,1,1.09000,1,2.62000,2.84000,51.159290,3.579282,1,3332,1,60.599998,1,125,-8.00,9,0
12/17/2018 12:02:51 ,12,1,1.09000,1,2.62000,2.84000,51.159278,3.579298,1,3421,1,59.599998,1,125,-8.00,9,0
12/17/2018 12:02:52 ,12,1,1.09000,1,2.62000,2.84000,51.159267,3.579311,1,4204,1,58.200000,1,125,-8.00,9,0
12/17/2018 12:02:54 ,12,1,1.09000,1,2.62000,2.83000,51.159248,3.579325,1,4303,1,56.700000,1,125,-8.00,9,0
12/17/2018 12:02:56 ,12,1,1.09000,1,2.62000,2.83000,51.159229,3.579341,1,4333,1,56.700000,1,125,-8.00,9,0
12/17/2018 12:02:58 ,12,1,1.09000,1,2.62000,2.83000,51.159206,3.579387,1,4323,1,49.299999,1,125,-8.00,9,0
12/17/2018 12:03:00 ,12,1,1.09000,1,2.61000,2.83000,51.159183,3.579409,1,2143,1,50.000000,1,125,-15.25,12,1
12/17/2018 12:03:00 ,12,1,1.09000,1,2.61000,2.83000,51.159183,3.579409,1,2143,1,50.000000,1,125,-15.25,12,0
12/17/2018 12:03:02 ,12,1,1.09000,1,2.61000,2.83000,51.159156,3.579444,1,2340,1,42.299999,1,125,-15.25,12,0
12/17/2018 12:03:04 ,12,1,1.09000,1,2.61000,2.83000,51.159133,3.579455,1,2410,1,35.500000,1,125,-15.25,12,0
12/17/2018 12:03:05 ,12,1,1.09000,1,2.61000,2.83000,51.159122,3.579459,1,3431,1,32.200000,1,125,-12.50,12,1
12/17/2018 12:03:05 ,12,1,1.09000,1,2.61000,2.83000,51.159122,3.579459,1,3431,1,32.200000,1,125,-12.50,12,0
12/17/2018 12:03:07 ,12,1,1.09000,1,2.61000,2.83000,51.159107,3.579467,1,4040,1,26.799999,1,125,-12.50,12,0
12/17/2018 12:03:09 ,12,1,1.09000,1,2.61000,2.83000,51.159088,3.579475,1,4044,1,29.600000,1,125,-12.50,12,0
12/17/2018 12:03:10 ,12,1,1.09000,1,2.61000,2.83000,51.159076,3.579481,1,10201,1,30.899999,1,125,-11.50,12,1
12/17/2018 12:03:10 ,12,1,1.09000,1,2.61000,2.83000,51.159076,3.579481,1,10201,1,30.899999,1,125,-11.50,12,0
12/17/2018 12:03:12 ,12,1,1.09000,1,2.61000,2.83000,51.159065,3.579500,1,10324,1,32.000000,1,125,-11.50,12,0
12/17/2018 12:03:13 ,12,1,1.09000,1,2.61000,2.83000,51.159049,3.579509,1,10414,1,33.599998,1,125,-11.50,12,0
12/17/2018 12:03:14 ,12,1,1.09000,1,2.61000,2.83000,51.159042,3.579517,1,11001,1,35.700000,1,125,-11.50,12,0
12/17/2018 12:03:15 ,12,1,1.09000,1,2.61000,2.83000,51.159030,3.579525,1,11120,1,37.099998,1,125,-11.50,12,0
12/17/2018 12:03:15 ,12,1,1.09000,1,2.61000,2.83000,51.159030,3.579525,1,12004,1,37.099998,1,125,-10.50,12,1
12/17/2018 12:03:17 ,12,1,1.09000,1,2.61000,2.83000,51.159027,3.579538,1,1021,1,41.000000,1,125,-10.50,12,0
12/17/2018 12:03:18 ,12,1,1.09000,1,2.61000,2.83000,51.159023,3.579540,1,2233,1,42.700000,1,125,-10.50,12,0
12/17/2018 12:03:19 ,12,1,1.09000,1,2.61000,2.83000,51.159019,3.579548,1,2310,1,44.500000,1,125,-10.50,12,0
12/17/2018 12:03:20 ,12,1,1.09000,1,2.61000,2.83000,51.159008,3.579556,1,2413,1,47.000000,1,125,-10.50,12,0
12/17/2018 12:03:21 ,12,1,1.09000,1,2.61000,2.83000,51.158992,3.579566,1,2431,1,47.700000,1,125,-10.50,12,0
12/17/2018 12:03:22 ,12,1,1.09000,1,2.61000,2.83000,51.158977,3.579572,1,3022,1,48.599998,1,125,-10.50,12,0
12/17/2018 12:03:23 ,12,1,1.09000,1,2.61000,2.83000,51.158962,3.579577,1,3112,1,49.700000,1,125,-10.50,12,0
12/17/2018 12:03:24 ,12,1,1.09000,1,2.61000,2.83000,51.158950,3.579581,1,3223,1,51.400001,1,125,-10.50,12,0
12/17/2018 12:03:25 ,12,1,1.09000,1,2.61000,2.83000,51.158935,3.579587,1,3301,1,51.900001,1,125,-10.50,12,0
12/17/2018 12:03:26 ,12,1,1.09000,1,2.61000,2.83000,51.158916,3.579587,1,3334,1,51.400001,1,125,-10.50,12,0
12/17/2018 12:03:27 ,12,1,1.09000,1,2.61000,2.83000,51.158908,3.579585,1,3421,1,54.299999,1,125,-10.50,12,0
12/17/2018 12:03:28 ,12,1,1.09000,1,2.61000,2.83000,51.158897,3.579586,1,4033,1,57.099998,1,125,-10.50,12,0
12/17/2018 12:03:29 ,12,1,1.09000,1,2.61000,2.83000,51.158889,3.579596,1,4130,1,56.500000,1,125,-10.50,12,0
12/17/2018 12:03:30 ,12,1,1.09000,1,2.61000,2.83000,51.158882,3.579601,1,4213,1,57.299999,1,125,-10.50,12,0
12/17/2018 12:03:31 ,12,1,1.09000,1,2.61000,2.83000,51.158882,3.579607,1,4300,1,58.000000,1,125,-10.50,12,0
12/17/2018 12:03:32 ,12,1,1.09000,1,2.61000,2.83000,51.158866,3.579615,1,4341,1,57.299999,1,125,-10.50,12,0
12/17/2018 12:03:33 ,12,1,1.09000,1,2.61000,2.83000,51.158859,3.579625,1,4433,1,56.400001,1,125,-10.50,12,0
12/17/2018 12:03:34 ,12,1,1.09000,1,2.61000,2.83000,51.158851,3.579633,1,10024,1,57.099998,1,125,-10.50,12,0
12/17/2018 12:03:35 ,12,1,1.09000,1,2.61000,2.83000,51.158840,3.579640,1,10120,1,57.299999,1,125,-10.50,12,0
12/17/2018 12:03:36 ,12,1,1.09000,1,2.61000,2.83000,51.158828,3.579652,1,10210,1,58.599998,1,125,-10.50,12,0
12/17/2018 12:03:37 ,12,1,1.09000,1,2.61000,2.83000,51.158821,3.579661,1,10441,1,58.900001,1,125,-10.50,12,0
12/17/2018 12:03:39 ,12,1,1.09000,1,2.61000,2.83000,51.158798,3.579682,1,10444,1,60.200000,1,125,-10.50,12,0
12/17/2018 12:03:41 ,12,1,1.09000,1,2.61000,2.83000,51.158782,3.579705,1,11112,1,60.400001,1,125,-10.50,12,0
12/17/2018 12:03:43 ,12,1,1.09000,1,2.61000,2.83000,51.158756,3.579726,1,131,1,60.400001,1,125,-10.50,12,0
12/17/2018 12:03:44 ,12,1,1.09000,1,2.61000,2.83000,51.158737,3.579736,1,320,1,58.599998,1,125,-10.50,12,0
12/17/2018 12:03:45 ,12,1,1.09000,1,2.61000,2.83000,51.158721,3.579746,1,1343,1,59.900001,1,125,-10.50,12,0
12/17/2018 12:03:47 ,12,1,1.09000,1,2.61000,2.83000,51.158699,3.579773,1,2344,1,59.799999,1,125,-10.50,12,0
12/17/2018 12:03:49 ,12,1,1.09000,1,2.61000,2.83000,51.158676,3.579825,1,2430,1,50.299999,1,125,-10.50,12,0
12/17/2018 12:03:51 ,12,1,1.09000,1,2.60000,2.82000,51.158657,3.579859,1,3011,1,49.599998,1,125,-10.50,12,0
12/17/2018 12:03:53 ,12,1,1.09000,1,2.60000,2.82000,51.158638,3.579881,1,3242,1,50.799999,1,125,-10.50,12,0
12/17/2018 12:03:55 ,12,1,1.09000,1,2.60000,2.82000,51.158611,3.579893,1,3242,1,52.299999,1,125,-10.50,12,0
12/17/2018 12:03:57 ,12,1,1.09000,1,2.60000,2.82000,51.158588,3.579914,1,3320,1,52.000000,1,125,-10.50,12,0
12/17/2018 12:03:59 ,12,1,1.09000,1,2.60000,2.82000,51.158557,3.579927,1,3341,1,50.000000,1,125,-10.50,12,0
12/17/2018 12:04:01 ,12,1,1.09000,1,2.60000,2.82000,51.158535,3.579939,1,3430,1,52.900001,1,125,-10.50,12,0
12/17/2018 12:04:03 ,12,1,1.09000,1,2.60000,2.82000,51.158515,3.579952,1,4003,1,52.900001,1,125,-10.50,12,0
12/17/2018 12:04:05 ,12,1,1.09000,1,2.60000,2.82000,51.158473,3.579964,1,4001,1,50.500000,1,125,-10.50,12,0
12/17/2018 12:04:07 ,12,1,1.09000,1,2.60000,2.82000,51.158451,3.579984,1,4011,1,49.799999,1,125,-10.50,12,0
12/17/2018 12:04:09 ,12,1,1.09000,1,2.60000,2.82000,51.158416,3.579995,1,4041,1,49.099998,1,125,-10.50,12,0
12/17/2018 12:04:11 ,12,1,1.09000,1,2.60000,2.82000,51.158397,3.580004,1,4103,1,47.500000,1,125,-10.50,12,0
12/17/2018 12:04:13 ,12,1,1.09000,1,2.60000,2.82000,51.158367,3.580032,1,4414,1,46.500000,1,125,-10.50,12,0
12/17/2018 12:04:15 ,12,1,1.09000,1,2.60000,2.82000,51.158344,3.580064,1,4441,1,45.000000,1,125,-10.50,12,0
12/17/2018 12:04:17 ,12,1,1.09000,1,2.60000,2.82000,51.158325,3.580077,1,10013,1,46.900001,1,125,-10.50,12,0
12/17/2018 12:04:18 ,12,1,1.09000,1,2.60000,2.82000,51.158313,3.580080,1,10303,1,47.000000,1,125,-10.50,12,0
12/17/2018 12:04:19 ,12,1,1.09000,1,2.60000,2.82000,51.158306,3.580082,1,10313,1,47.700000,1,125,-10.50,12,0
12/17/2018 12:04:21 ,12,1,1.09000,1,2.60000,2.82000,51.158260,3.580064,1,10341,1,46.200000,1,125,-10.50,12,0
12/17/2018 12:04:23 ,12,1,1.09000,1,2.60000,2.82000,51.158218,3.580049,1,10411,1,43.200000,1,125,-10.50,12,0
12/17/2018 12:04:25 ,12,1,1.09000,1,2.60000,2.82000,51.158195,3.580043,1,10431,1,40.900001,1,125,-10.50,12,0
12/17/2018 12:04:27 ,11,1,1.28000,1,2.69000,2.98000,51.158168,3.580036,1,11004,1,37.500000,1,125,-10.50,12,0
12/17/2018 12:04:28 ,12,1,1.28000,1,2.69000,2.98000,51.158157,3.580033,1,11230,1,36.200000,1,125,-10.50,12,0
12/17/2018 12:04:30 ,12,1,1.28000,1,2.69000,2.98000,51.158138,3.580029,1,231,1,36.200000,1,125,-10.50,12,0
12/17/2018 12:04:31 ,12,1,1.09000,1,2.60000,2.82000,51.158134,3.580029,1,422,1,32.400001,1,125,-10.50,12,0
12/17/2018 12:04:32 ,12,1,1.09000,1,2.60000,2.82000,51.158126,3.580028,1,1442,1,31.299999,1,125,-10.50,12,0
12/17/2018 12:04:34 ,12,1,1.09000,1,2.60000,2.82000,51.158123,3.580035,1,2304,1,31.200000,1,125,-10.50,12,0
12/17/2018 12:04:36 ,12,1,1.09000,1,2.59000,2.82000,51.158111,3.580047,1,2320,1,25.899999,1,125,-10.50,12,0
12/17/2018 12:04:38 ,12,1,1.09000,1,2.59000,2.82000,51.158088,3.580042,1,2340,1,22.299999,1,125,-10.50,12,0
12/17/2018 12:04:40 ,12,1,1.09000,1,2.59000,2.81000,51.158077,3.580027,1,2412,1,22.500000,1,125,-10.50,12,0
12/17/2018 12:04:42 ,12,1,1.09000,1,2.59000,2.81000,51.158069,3.580018,1,2441,1,21.799999,1,125,-10.50,12,0
12/17/2018 12:04:44 ,12,1,1.09000,1,2.59000,2.81000,51.158065,3.580002,1,3004,1,21.600000,1,125,-10.50,12,0
12/17/2018 12:04:46 ,12,1,1.09000,1,2.59000,2.81000,51.158050,3.579988,1,3000,1,20.000000,1,125,-10.50,12,0
12/17/2018 12:04:48 ,12,1,1.09000,1,2.59000,2.81000,51.158039,3.579984,1,3103,1,17.700000,1,125,-10.50,12,0
12/17/2018 12:04:49 ,12,1,1.09000,1,2.59000,2.81000,51.158023,3.579980,1,3302,1,14.900000,1,125,-10.50,12,0
12/17/2018 12:04:51 ,12,1,1.09000,1,2.59000,2.81000,51.158008,3.579973,1,3403,1,13.300001,1,125,-10.50,12,0
12/17/2018 12:04:53 ,12,1,1.09000,1,2.59000,2.81000,51.157997,3.579939,1,3422,1,13.100001,1,125,-10.50,12,0
12/17/2018 12:04:54 ,12,1,1.09000,1,2.59000,2.81000,51.158000,3.579927,1,4210,1,12.300001,1,125,-10.50,12,0
12/17/2018 12:04:56 ,12,1,1.09000,1,2.59000,2.81000,51.157993,3.579899,1,4214,1,11.900000,1,125,-10.50,12,0
12/17/2018 12:04:58 ,12,1,1.09000,1,2.59000,2.81000,51.157985,3.579868,1,4304,1,11.500000,1,125,-10.50,12,0
12/17/2018 12:05:00 ,12,1,1.09000,1,2.59000,2.81000,51.157978,3.579844,1,4331,1,12.400000,1,125,-10.50,12,0
12/17/2018 12:05:02 ,12,1,1.09000,1,2.59000,2.81000,51.157966,3.579809,1,4322,1,11.500000,1,125,-10.50,12,0
12/17/2018 12:05:04 ,12,1,1.09000,1,2.59000,2.81000,51.157958,3.579776,1,10134,1,11.300001,1,125,-10.50,12,0
12/17/2018 12:05:06 ,12,1,1.09000,1,2.59000,2.81000,51.157947,3.579743,1,10213,1,11.600001,1,125,-10.50,12,0
12/17/2018 12:05:08 ,12,1,1.09000,1,2.59000,2.81000,51.157947,3.579696,1,10232,1,11.700000,1,125,-10.50,12,0
12/17/2018 12:05:10 ,12,1,1.09000,1,2.59000,2.81000,51.157951,3.579657,1,10301,1,12.800001,1,125,-10.50,12,0
12/17/2018 12:05:12 ,12,1,1.09000,1,2.59000,2.81000,51.157955,3.579627,1,10320,1,14.400000,1,125,-10.50,12,0
12/17/2018 12:05:14 ,12,1,1.09000,1,2.59000,2.81000,51.157951,3.579589,1,10320,1,13.500000,1,125,-10.50,12,0
12/17/2018 12:05:16 ,12,1,1.09000,1,2.58000,2.81000,51.157943,3.579552,1,10342,1,13.200000,1,125,-10.50,12,0
12/17/2018 12:05:17 ,12,1,1.09000,1,2.58000,2.81000,51.157932,3.579543,1,10441,1,13.500000,1,125,-10.50,12,0
12/17/2018 12:05:19 ,12,1,1.09000,1,2.58000,2.81000,51.157917,3.579519,1,10444,1,14.100001,1,125,-10.50,12,0
12/17/2018 12:05:21 ,12,1,1.09000,1,2.58000,2.81000,51.157920,3.579484,1,11024,1,14.700000,1,125,-10.50,12,0
12/17/2018 12:05:23 ,12,1,1.09000,1,2.58000,2.80000,51.157924,3.579431,1,11102,1,15.700000,1,125,-10.50,12,0
12/17/2018 12:05:25 ,12,1,1.09000,1,2.58000,2.80000,51.157920,3.579383,1,111,1,13.400000,1,125,-10.50,12,0
12/17/2018 12:05:26 ,12,1,1.09000,1,2.58000,2.80000,51.157924,3.579362,1,322,1,11.600001,1,125,-10.50,12,0
12/17/2018 12:05:27 ,12,1,1.09000,1,2.58000,2.80000,51.157928,3.579342,1,1344,1,11.600001,1,125,-10.50,12,0
12/17/2018 12:05:29 ,12,1,1.09000,1,2.58000,2.80000,51.157928,3.579309,1,2244,1,10.800001,1,125,-10.50,12,0
12/17/2018 12:05:30 ,12,1,1.09000,1,2.58000,2.80000,51.157932,3.579285,1,3034,1,11.900000,1,125,-10.50,12,0
12/17/2018 12:05:32 ,12,1,1.09000,1,2.58000,2.80000,51.157936,3.579233,1,3104,1,11.300001,1,125,-10.50,12,0
12/17/2018 12:05:34 ,12,1,1.09000,1,2.58000,2.80000,51.157920,3.579204,1,3130,1,8.400000,1,125,-10.50,12,0
12/17/2018 12:05:36 ,12,1,1.09000,1,2.58000,2.80000,51.157920,3.579159,1,3143,1,9.400000,1,125,-10.50,12,0
12/17/2018 12:05:38 ,12,1,1.09000,1,2.58000,2.80000,51.157920,3.579124,1,3220,1,8.500000,1,125,-10.50,12,0
12/17/2018 12:05:40 ,12,1,1.09000,1,2.58000,2.80000,51.157913,3.579084,1,4000,1,11.100001,1,125,-10.50,12,0
12/17/2018 12:05:42 ,12,1,1.09000,1,2.58000,2.80000,51.157905,3.579052,1,4023,1,9.500000,1,125,-10.50,12,0
12/17/2018 12:05:44 ,12,1,1.09000,1,2.58000,2.80000,51.157909,3.578992,1,4034,1,11.100001,1,125,-10.50,12,0
12/17/2018 12:05:46 ,12,1,1.09000,1,2.58000,2.80000,51.157909,3.578937,1,4040,1,13.100001,1,125,-10.50,12,0
12/17/2018 12:05:48 ,12,1,1.09000,1,2.58000,2.80000,51.157909,3.578877,1,4110,1,13.100001,1,125,-10.50,12,0
12/17/2018 12:05:50 ,12,1,1.09000,1,2.58000,2.80000,51.157909,3.578837,1,4203,1,13.000000,1,125,-10.50,12,0
12/17/2018 12:05:52 ,12,1,1.09000,1,2.57000,2.80000,51.157901,3.578798,1,4143,1,12.300001,1,125,-10.50,12,0
12/17/2018 12:05:54 ,12,1,1.09000,1,2.57000,2.80000,51.157897,3.578752,1,4214,1,10.000000,1,125,-10.50,12,0
12/17/2018 12:05:56 ,12,1,1.09000,1,2.57000,2.80000,51.157886,3.578718,1,4233,1,9.300001,1,125,-10.50,12,0
12/17/2018 12:05:58 ,12,1,1.09000,1,2.57000,2.80000,51.157878,3.578684,1,4310,1,8.700000,1,125,-10.50,12,0
12/17/2018 12:06:00 ,12,1,1.09000,1,2.57000,2.80000,51.157882,3.578628,1,10042,1,7.800000,1,125,-10.50,12,0
12/17/2018 12:06:02 ,12,1,1.09000,1,2.57000,2.79000,51.157878,3.578592,1,10144,1,8.900000,1,125,-10.50,12,0
12/17/2018 12:06:04 ,12,1,1.09000,1,2.57000,2.79000,51.157871,3.578557,1,10211,1,8.800001,1,125,-10.50,12,0
12/17/2018 12:06:05 ,12,1,1.09000,1,2.57000,2.79000,51.157875,3.578538,1,10441,1,9.000000,1,125,-10.50,12,0
12/17/2018 12:06:07 ,12,1,1.09000,1,2.57000,2.79000,51.157882,3.578498,1,11014,1,8.400000,1,125,-10.50,12,0
12/17/2018 12:06:09 ,12,1,1.09000,1,2.57000,2.79000,51.157897,3.578443,1,11042,1,11.000000,1,125,-10.50,12,0
12/17/2018 12:06:11 ,12,1,1.09000,1,2.57000,2.79000,51.157905,3.578391,1,11111,1,8.800001,1,125,-10.50,12,0
12/17/2018 12:06:13 ,11,1,1.52000,1,2.68000,3.09000,51.157917,3.578362,1,11130,1,10.900000,1,125,-10.50,12,0
